2026-08-07 14:14:16,602 INFO run_daily: === Market Event Radar starting — 2026-08-07 ===
2026-08-07 14:14:16,604 INFO run_daily: Step 1: fetching earnings calendar
2026-08-07 14:14:28,401 INFO src.event_fetcher: nasdaq earnings: 1165 entries across 7 days
2026-08-07 14:14:29,716 INFO src.event_fetcher: finnhub earnings: 1304 entries
2026-08-07 14:14:29,718 INFO src.event_fetcher: merged earnings universe: 1694 unique tickers
2026-08-07 14:14:29,718 INFO run_daily: Step 2: fetching 8-K filings
2026-08-07 14:14:30,725 INFO src.event_fetcher: edgar 8-K filings: 100
2026-08-07 14:14:31,069 INFO run_daily: Step 3: building universe
2026-08-07 14:14:31,071 INFO src.universe: universe: 35 tickers (10 watchlist, 25 discovered)
2026-08-07 14:14:31,071 INFO run_daily: Universe: 35 tickers
2026-08-07 14:14:31,071 INFO run_daily: Step 4: yfinance cross-check for 35 tickers
2026-08-07 14:14:51,774 ERROR yfinance: HTTP Error 404: {"quoteSummary":{"result":null,"error":{"code":"Not Found","description":"Quote not found for symbol: TTNP"}}}
2026-08-07 14:14:52,926 INFO run_daily: Step 5: building earnings events
2026-08-07 14:14:52,929 INFO src.source_merger: earnings events built: 1694
2026-08-07 14:14:52,929 INFO run_daily: Step 5b: building 8-K events
2026-08-07 14:14:52,931 INFO run_daily: Step 6: options filter (1794 candidates)
2026-08-07 14:14:57,959 WARNING src.options_filter: ACTU: options data unavailable from all sources
2026-08-07 14:15:02,840 WARNING src.options_filter: ACXP: options data unavailable from all sources
2026-08-07 14:15:03,944 ERROR yfinance: $AHNR: possibly delisted; no price data found  (period=1mo) (Yahoo error = "No data found, symbol may be delisted")
2026-08-07 14:15:08,223 WARNING src.options_filter: AHNR: options data unavailable from all sources
2026-08-07 14:15:12,662 WARNING src.options_filter: AIRE: options data unavailable from all sources
2026-08-07 14:15:17,194 WARNING src.options_filter: BRFH: options data unavailable from all sources
2026-08-07 14:15:26,035 WARNING src.options_filter: CREG: options data unavailable from all sources
2026-08-07 14:15:30,613 WARNING src.options_filter: DTST: options data unavailable from all sources
2026-08-07 14:15:31,273 ERROR yfinance: HTTP Error 404: {"quoteSummary":{"result":null,"error":{"code":"Not Found","description":"Quote not found for symbol: EWCZ"}}}
2026-08-07 14:15:32,092 ERROR yfinance: $EWCZ: possibly delisted; no price data found  (period=1mo) (Yahoo error = "No data found, symbol may be delisted")
2026-08-07 14:15:36,346 WARNING src.options_filter: EWCZ: options data unavailable from all sources
2026-08-07 14:15:40,831 WARNING src.options_filter: FSI: options data unavailable from all sources
2026-08-07 14:15:45,363 WARNING src.options_filter: GPUS: options data unavailable from all sources
2026-08-07 14:15:50,060 WARNING src.options_filter: HURA: options data unavailable from all sources
2026-08-07 14:15:54,525 WARNING src.options_filter: KFII: options data unavailable from all sources
2026-08-07 14:15:59,099 WARNING src.options_filter: KG: options data unavailable from all sources
2026-08-07 14:16:06,115 WARNING src.options_filter: MCIC: options data unavailable from all sources
2026-08-07 14:16:13,696 WARNING src.options_filter: MSS: options data unavailable from all sources
2026-08-07 14:16:18,233 WARNING src.options_filter: MTBLY: options data unavailable from all sources
2026-08-07 14:16:22,729 WARNING src.options_filter: NWTG: options data unavailable from all sources
2026-08-07 14:16:27,413 WARNING src.options_filter: ONVC: options data unavailable from all sources
2026-08-07 14:16:31,879 WARNING src.options_filter: RMIX: options data unavailable from all sources
2026-08-07 14:16:36,355 WARNING src.options_filter: SLAI: options data unavailable from all sources
2026-08-07 14:16:40,940 WARNING src.options_filter: SMNR: options data unavailable from all sources
2026-08-07 14:16:45,433 WARNING src.options_filter: SOWG: options data unavailable from all sources
2026-08-07 14:16:49,935 WARNING src.options_filter: TKMO: options data unavailable from all sources
2026-08-07 14:16:54,420 WARNING src.options_filter: TMS: options data unavailable from all sources
2026-08-07 14:16:55,170 ERROR yfinance: $YIYU: possibly delisted; no price data found  (period=1mo) (Yahoo error = "No data found, symbol may be delisted")
2026-08-07 14:16:59,424 WARNING src.options_filter: YIYU: options data unavailable from all sources
2026-08-07 14:17:12,541 WARNING src.options_filter: AEBI: options data unavailable from all sources
2026-08-07 14:17:23,236 WARNING src.options_filter: AGIG: options data unavailable from all sources
2026-08-07 14:17:40,600 WARNING src.options_filter: AMCI: options data unavailable from all sources
2026-08-07 14:17:45,108 WARNING src.options_filter: AMS: options data unavailable from all sources
2026-08-07 14:17:49,621 WARNING src.options_filter: ARAI: options data unavailable from all sources
2026-08-07 14:18:00,473 WARNING src.options_filter: ASFH: options data unavailable from all sources
2026-08-07 14:18:04,984 WARNING src.options_filter: ATVK: options data unavailable from all sources
2026-08-07 14:18:09,623 WARNING src.options_filter: AURI: options data unavailable from all sources
2026-08-07 14:18:17,199 WARNING src.options_filter: AVX: options data unavailable from all sources
2026-08-07 14:18:21,717 WARNING src.options_filter: BAFN: options data unavailable from all sources
2026-08-07 14:18:29,441 WARNING src.options_filter: BCHT: options data unavailable from all sources
2026-08-07 14:18:30,115 ERROR yfinance: $BDVC: possibly delisted; no price data found  (period=1mo) (Yahoo error = "No data found, symbol may be delisted")
2026-08-07 14:18:34,387 WARNING src.options_filter: BDVC: options data unavailable from all sources
2026-08-07 14:18:38,957 WARNING src.options_filter: BEAT: options data unavailable from all sources
2026-08-07 14:18:46,954 WARNING src.options_filter: BIVI: options data unavailable from all sources
2026-08-07 14:18:51,424 WARNING src.options_filter: BLIN: options data unavailable from all sources
2026-08-07 14:18:55,969 WARNING src.options_filter: BLNE: options data unavailable from all sources
2026-08-07 14:19:07,433 WARNING src.options_filter: BOF: options data unavailable from all sources
2026-08-07 14:19:15,893 WARNING src.options_filter: BUDA: options data unavailable from all sources
2026-08-07 14:19:33,972 WARNING src.options_filter: CHAI: options data unavailable from all sources
2026-08-07 14:19:38,451 WARNING src.options_filter: CIBY: options data unavailable from all sources
2026-08-07 14:19:46,405 WARNING src.options_filter: CRCW: options data unavailable from all sources
2026-08-07 14:19:54,675 WARNING src.options_filter: CV: options data unavailable from all sources
2026-08-07 14:19:55,306 ERROR yfinance: $CVAC: possibly delisted; no price data found  (period=1mo) (Yahoo error = "No data found, symbol may be delisted")
2026-08-07 14:19:59,553 WARNING src.options_filter: CVAC: options data unavailable from all sources
2026-08-07 14:20:04,402 WARNING src.options_filter: CWD: options data unavailable from all sources
2026-08-07 14:20:08,903 WARNING src.options_filter: CYCU: options data unavailable from all sources
2026-08-07 14:20:13,391 ERROR yfinance: $DSHK: possibly delisted; no price data found  (period=1mo) (Yahoo error = "No data found, symbol may be delisted")
2026-08-07 14:20:17,695 WARNING src.options_filter: DSHK: options data unavailable from all sources
2026-08-07 14:20:22,273 WARNING src.options_filter: ECIA: options data unavailable from all sources
2026-08-07 14:20:26,871 WARNING src.options_filter: EESE: options data unavailable from all sources
2026-08-07 14:20:31,453 WARNING src.options_filter: ELMT: options data unavailable from all sources
2026-08-07 14:20:36,019 WARNING src.options_filter: ELUT: options data unavailable from all sources
2026-08-07 14:20:40,745 WARNING src.options_filter: EMAT: options data unavailable from all sources
2026-08-07 14:20:45,306 WARNING src.options_filter: EQS: options data unavailable from all sources
2026-08-07 14:20:49,092 ERROR yfinance: $EUSP: possibly delisted; no price data found  (period=1mo) (Yahoo error = "No data found, symbol may be delisted")
2026-08-07 14:20:53,327 WARNING src.options_filter: EUSP: options data unavailable from all sources
2026-08-07 14:21:23,818 WARNING src.options_filter: GLTK: options data unavailable from all sources
2026-08-07 14:21:28,388 WARNING src.options_filter: GMRS: options data unavailable from all sources
2026-08-07 14:21:38,667 WARNING src.options_filter: GTEC: options data unavailable from all sources
2026-08-07 14:21:43,265 WARNING src.options_filter: GTIJF: options data unavailable from all sources
2026-08-07 14:21:47,820 WARNING src.options_filter: GWH: options data unavailable from all sources
2026-08-07 14:21:55,328 WARNING src.options_filter: HIT: options data unavailable from all sources
2026-08-07 14:22:03,594 WARNING src.options_filter: ICCC: options data unavailable from all sources
2026-08-07 14:22:20,375 WARNING src.options_filter: IVF: options data unavailable from all sources
2026-08-07 14:22:24,945 WARNING src.options_filter: JCAP: options data unavailable from all sources
2026-08-07 14:22:29,471 WARNING src.options_filter: JSDA: options data unavailable from all sources
2026-08-07 14:22:34,074 WARNING src.options_filter: JTAI: options data unavailable from all sources
2026-08-07 14:22:50,393 WARNING src.options_filter: LIEN: options data unavailable from all sources
2026-08-07 14:22:54,869 WARNING src.options_filter: LIVE: options data unavailable from all sources
2026-08-07 14:23:11,977 WARNING src.options_filter: MAGE: options data unavailable from all sources
2026-08-07 14:23:19,554 WARNING src.options_filter: MDXH: options data unavailable from all sources
2026-08-07 14:23:24,036 WARNING src.options_filter: MFON: options data unavailable from all sources
2026-08-07 14:23:27,269 ERROR yfinance: $MGRM: possibly delisted; no price data found  (period=1mo)
2026-08-07 14:23:31,467 WARNING src.options_filter: MGRM: options data unavailable from all sources
2026-08-07 14:23:39,078 WARNING src.options_filter: MOBQ: options data unavailable from all sources
2026-08-07 14:23:47,474 WARNING src.options_filter: MSAI: options data unavailable from all sources
2026-08-07 14:24:18,886 WARNING src.options_filter: NXPL: options data unavailable from all sources
2026-08-07 14:24:23,355 WARNING src.options_filter: NXXT: options data unavailable from all sources
2026-08-07 14:24:27,910 WARNING src.options_filter: OCLN: options data unavailable from all sources
2026-08-07 14:24:36,357 WARNING src.options_filter: ONFO: options data unavailable from all sources
2026-08-07 14:24:43,740 WARNING src.options_filter: OSTX: options data unavailable from all sources
2026-08-07 14:24:48,212 WARNING src.options_filter: PAYD: options data unavailable from all sources
2026-08-07 14:24:52,740 WARNING src.options_filter: PED: options data unavailable from all sources
2026-08-07 14:25:00,697 WARNING src.options_filter: PREM: options data unavailable from all sources
2026-08-07 14:25:12,040 WARNING src.options_filter: PTHS: options data unavailable from all sources
2026-08-07 14:25:26,729 WARNING src.options_filter: RMHI: options data unavailable from all sources
2026-08-07 14:25:36,842 WARNING src.options_filter: SBC: options data unavailable from all sources
2026-08-07 14:25:41,367 WARNING src.options_filter: SBDS: options data unavailable from all sources
2026-08-07 14:25:45,907 WARNING src.options_filter: SGA: options data unavailable from all sources
2026-08-07 14:25:50,517 WARNING src.options_filter: SLGL: options data unavailable from all sources
2026-08-07 14:25:54,948 WARNING src.options_filter: SLNH: options data unavailable from all sources
2026-08-07 14:25:59,392 WARNING src.options_filter: SMEV: options data unavailable from all sources
2026-08-07 14:26:03,855 WARNING src.options_filter: SPCB: options data unavailable from all sources
2026-08-07 14:26:25,113 WARNING src.options_filter: SWMR: options data unavailable from all sources
2026-08-07 14:26:29,537 WARNING src.options_filter: TAYD: options data unavailable from all sources
2026-08-07 14:26:37,920 WARNING src.options_filter: TNON: options data unavailable from all sources
2026-08-07 14:27:06,261 WARNING src.options_filter: VTIX: options data unavailable from all sources
2026-08-07 14:27:17,212 WARNING src.options_filter: WKHS: options data unavailable from all sources
2026-08-07 14:27:28,624 WARNING src.options_filter: XBP: options data unavailable from all sources
2026-08-07 14:27:36,849 WARNING src.options_filter: XOS: options data unavailable from all sources
2026-08-07 14:27:49,052 WARNING src.options_filter: YSWY: options data unavailable from all sources
2026-08-07 14:27:53,552 WARNING src.options_filter: ZSPC: options data unavailable from all sources
2026-08-07 14:28:01,025 WARNING src.options_filter: AAPI: options data unavailable from all sources
2026-08-07 14:28:05,625 WARNING src.options_filter: AASP: options data unavailable from all sources
2026-08-07 14:28:09,892 ERROR yfinance: $AC: possibly delisted; no price data found  (period=1mo) (Yahoo error = "No data found, symbol may be delisted")
2026-08-07 14:28:14,145 WARNING src.options_filter: AC: options data unavailable from all sources
2026-08-07 14:28:22,434 WARNING src.options_filter: ADTX: options data unavailable from all sources
2026-08-07 14:28:26,993 WARNING src.options_filter: AERT: options data unavailable from all sources
2026-08-07 14:28:31,532 WARNING src.options_filter: AIFA: options data unavailable from all sources
2026-08-07 14:28:36,063 WARNING src.options_filter: AIM: options data unavailable from all sources
2026-08-07 14:28:40,585 WARNING src.options_filter: AIRI: options data unavailable from all sources
2026-08-07 14:28:45,120 WARNING src.options_filter: AIXC: options data unavailable from all sources
2026-08-07 14:29:11,546 WARNING src.options_filter: AMZE: options data unavailable from all sources
2026-08-07 14:29:16,088 WARNING src.options_filter: ANDG: options data unavailable from all sources
2026-08-07 14:29:20,627 WARNING src.options_filter: ANNA: options data unavailable from all sources
2026-08-07 14:29:35,578 WARNING src.options_filter: AQUC: options data unavailable from all sources
2026-08-07 14:29:40,107 WARNING src.options_filter: ARTL: options data unavailable from all sources
2026-08-07 14:29:44,643 WARNING src.options_filter: ASFT: options data unavailable from all sources
2026-08-07 14:29:49,133 WARNING src.options_filter: ASNS: options data unavailable from all sources
2026-08-07 14:29:57,503 WARNING src.options_filter: ATXI: options data unavailable from all sources
2026-08-07 14:30:05,940 WARNING src.options_filter: AUID: options data unavailable from all sources
2026-08-07 14:30:10,700 WARNING src.options_filter: AUST: options data unavailable from all sources
2026-08-07 14:30:25,824 WARNING src.options_filter: BACK: options data unavailable from all sources
2026-08-07 14:30:30,362 WARNING src.options_filter: BAYA: options data unavailable from all sources
2026-08-07 14:30:34,916 WARNING src.options_filter: BBLG: options data unavailable from all sources
2026-08-07 14:30:39,491 WARNING src.options_filter: BBXIA: options data unavailable from all sources
2026-08-07 14:30:44,056 WARNING src.options_filter: BCDA: options data unavailable from all sources
2026-08-07 14:30:48,640 WARNING src.options_filter: BCLI: options data unavailable from all sources
2026-08-07 14:30:53,163 WARNING src.options_filter: BDCO: options data unavailable from all sources
2026-08-07 14:30:57,681 WARNING src.options_filter: BEAG: options data unavailable from all sources
2026-08-07 14:31:02,195 WARNING src.options_filter: BESS: options data unavailable from all sources
2026-08-07 14:31:09,719 WARNING src.options_filter: BGDE: options data unavailable from all sources
2026-08-07 14:31:18,448 WARNING src.options_filter: BICX: options data unavailable from all sources
2026-08-07 14:31:23,083 WARNING src.options_filter: BINI: options data unavailable from all sources
2026-08-07 14:31:31,064 WARNING src.options_filter: BKTI: options data unavailable from all sources
2026-08-07 14:31:35,517 WARNING src.options_filter: BLGO: options data unavailable from all sources
2026-08-07 14:31:40,034 WARNING src.options_filter: BLNC: options data unavailable from all sources
2026-08-07 14:31:44,693 WARNING src.options_filter: BNBX: options data unavailable from all sources
2026-08-07 14:31:49,220 WARNING src.options_filter: BNKK: options data unavailable from all sources
2026-08-07 14:31:53,822 WARNING src.options_filter: BNZI: options data unavailable from all sources
2026-08-07 14:31:58,364 WARNING src.options_filter: BOLT: options data unavailable from all sources
2026-08-07 14:32:02,901 WARNING src.options_filter: BOTY: options data unavailable from all sources
2026-08-07 14:32:07,416 WARNING src.options_filter: BPTH: options data unavailable from all sources
2026-08-07 14:32:12,240 WARNING src.options_filter: BRGX: options data unavailable from all sources
2026-08-07 14:32:16,746 WARNING src.options_filter: BSEM: options data unavailable from all sources
2026-08-07 14:32:25,011 WARNING src.options_filter: BTCY: options data unavailable from all sources
2026-08-07 14:32:32,619 WARNING src.options_filter: BUDZ: options data unavailable from all sources
2026-08-07 14:32:37,073 WARNING src.options_filter: BURU: options data unavailable from all sources
2026-08-07 14:32:41,616 WARNING src.options_filter: BWMG: options data unavailable from all sources
2026-08-07 14:32:46,164 WARNING src.options_filter: CAMP: options data unavailable from all sources
2026-08-07 14:32:54,041 WARNING src.options_filter: CAPC: options data unavailable from all sources
2026-08-07 14:32:58,554 WARNING src.options_filter: CAPN: options data unavailable from all sources
2026-08-07 14:33:07,334 ERROR yfinance: $CCRD: possibly delisted; no price data found  (period=1mo) (Yahoo error = "No data found, symbol may be delisted")
2026-08-07 14:33:11,604 WARNING src.options_filter: CCRD: options data unavailable from all sources
2026-08-07 14:33:16,147 WARNING src.options_filter: CDIO: options data unavailable from all sources
2026-08-07 14:33:20,684 WARNING src.options_filter: CDT: options data unavailable from all sources
2026-08-07 14:33:28,306 WARNING src.options_filter: CETX: options data unavailable from all sources
2026-08-07 14:33:32,881 WARNING src.options_filter: CFOO: options data unavailable from all sources
2026-08-07 14:33:37,374 WARNING src.options_filter: CHGA: options data unavailable from all sources
2026-08-07 14:33:41,905 WARNING src.options_filter: CISO: options data unavailable from all sources
2026-08-07 14:33:48,215 WARNING src.options_filter: CLRB: options data unavailable from all sources
2026-08-07 14:33:52,713 WARNING src.options_filter: CLRO: options data unavailable from all sources
2026-08-07 14:33:57,210 WARNING src.options_filter: CMMB: options data unavailable from all sources
2026-08-07 14:34:01,717 WARNING src.options_filter: CNFN: options data unavailable from all sources
2026-08-07 14:34:06,490 WARNING src.options_filter: CNGO: options data unavailable from all sources
2026-08-07 14:34:11,064 WARNING src.options_filter: CNSP: options data unavailable from all sources
2026-08-07 14:34:15,598 WARNING src.options_filter: CNTX: options data unavailable from all sources
2026-08-07 14:34:29,347 WARNING src.options_filter: CPRX: options data unavailable from all sources
2026-08-07 14:34:30,071 ERROR yfinance: $CRTAF: possibly delisted; no price data found  (period=1mo) (Yahoo error = "No data found, symbol may be delisted")
2026-08-07 14:34:34,398 WARNING src.options_filter: CRTAF: options data unavailable from all sources
2026-08-07 14:34:38,948 WARNING src.options_filter: CRWE: options data unavailable from all sources
2026-08-07 14:34:53,726 WARNING src.options_filter: CVM: options data unavailable from all sources
2026-08-07 14:34:58,334 WARNING src.options_filter: CVV: options data unavailable from all sources
2026-08-07 14:35:09,000 WARNING src.options_filter: DARE: options data unavailable from all sources
2026-08-07 14:35:20,873 WARNING src.options_filter: DFPH: options data unavailable from all sources
2026-08-07 14:35:28,547 WARNING src.options_filter: DPLS: options data unavailable from all sources
2026-08-07 14:35:33,124 WARNING src.options_filter: DQWS: options data unavailable from all sources
2026-08-07 14:35:37,673 WARNING src.options_filter: DROR: options data unavailable from all sources
2026-08-07 14:35:42,155 WARNING src.options_filter: DSS: options data unavailable from all sources
2026-08-07 14:35:50,208 ERROR yfinance: $EBFI: possibly delisted; no price data found  (period=1mo) (Yahoo error = "No data found, symbol may be delisted")
2026-08-07 14:35:54,558 WARNING src.options_filter: EBFI: options data unavailable from all sources
2026-08-07 14:35:59,513 WARNING src.options_filter: ECTM: options data unavailable from all sources
2026-08-07 14:36:04,194 WARNING src.options_filter: EDBL: options data unavailable from all sources
2026-08-07 14:36:08,778 WARNING src.options_filter: ELLH: options data unavailable from all sources
2026-08-07 14:36:13,309 WARNING src.options_filter: ELTP: options data unavailable from all sources
2026-08-07 14:36:20,854 WARNING src.options_filter: ENVB: options data unavailable from all sources
2026-08-07 14:36:29,226 WARNING src.options_filter: ENZN: options data unavailable from all sources
2026-08-07 14:36:42,857 WARNING src.options_filter: ESEA: options data unavailable from all sources
2026-08-07 14:36:47,371 WARNING src.options_filter: EVFM: options data unavailable from all sources
2026-08-07 14:36:48,049 ERROR yfinance: $EVOK: possibly delisted; no price data found  (period=1mo) (Yahoo error = "No data found, symbol may be delisted")
2026-08-07 14:36:52,378 WARNING src.options_filter: EVOK: options data unavailable from all sources
2026-08-07 14:36:59,903 WARNING src.options_filter: FABC: options data unavailable from all sources
2026-08-07 14:37:11,527 WARNING src.options_filter: FFLO: options data unavailable from all sources
2026-08-07 14:37:16,229 WARNING src.options_filter: FGI: options data unavailable from all sources
2026-08-07 14:37:20,729 WARNING src.options_filter: FMHS: options data unavailable from all sources
2026-08-07 14:37:28,439 WARNING src.options_filter: FRMO: options data unavailable from all sources
2026-08-07 14:37:37,340 WARNING src.options_filter: FSSL: options data unavailable from all sources
2026-08-07 14:37:41,888 WARNING src.options_filter: FTLF: options data unavailable from all sources
2026-08-07 14:37:46,399 WARNING src.options_filter: FUST: options data unavailable from all sources
2026-08-07 14:37:54,721 WARNING src.options_filter: GAME: options data unavailable from all sources
2026-08-07 14:37:59,255 WARNING src.options_filter: GBCS: options data unavailable from all sources
2026-08-07 14:38:03,998 WARNING src.options_filter: GEDC: options data unavailable from all sources
2026-08-07 14:38:12,417 WARNING src.options_filter: GLSI: options data unavailable from all sources
2026-08-07 14:38:17,206 WARNING src.options_filter: GNLN: options data unavailable from all sources
2026-08-07 14:38:21,876 WARNING src.options_filter: GNPX: options data unavailable from all sources
2026-08-07 14:38:29,892 WARNING src.options_filter: GOGY: options data unavailable from all sources
2026-08-07 14:38:30,745 ERROR yfinance: $GORV: possibly delisted; no price data found  (period=1mo) (Yahoo error = "No data found, symbol may be delisted")
2026-08-07 14:38:35,025 WARNING src.options_filter: GORV: options data unavailable from all sources
2026-08-07 14:38:42,505 WARNING src.options_filter: GRDX: options data unavailable from all sources
2026-08-07 14:38:46,931 WARNING src.options_filter: GRI: options data unavailable from all sources
2026-08-07 14:38:55,451 WARNING src.options_filter: GSHR: options data unavailable from all sources
2026-08-07 14:39:00,028 WARNING src.options_filter: GTBP: options data unavailable from all sources
2026-08-07 14:39:04,653 WARNING src.options_filter: GTCH: options data unavailable from all sources
2026-08-07 14:39:09,285 WARNING src.options_filter: GTERA: options data unavailable from all sources
2026-08-07 14:39:13,796 WARNING src.options_filter: GTHP: options data unavailable from all sources
2026-08-07 14:39:21,023 WARNING src.options_filter: HBUV: options data unavailable from all sources
2026-08-07 14:39:25,488 WARNING src.options_filter: HCWC: options data unavailable from all sources
2026-08-07 14:39:30,017 WARNING src.options_filter: HDRN: options data unavailable from all sources
2026-08-07 14:39:34,446 WARNING src.options_filter: HIND: options data unavailable from all sources
2026-08-07 14:39:41,988 WARNING src.options_filter: HLYK: options data unavailable from all sources
2026-08-07 14:39:42,813 ERROR yfinance: $HMBL: possibly delisted; no price data found  (period=1mo) (Yahoo error = "No data found, symbol may be delisted")
2026-08-07 14:39:47,048 WARNING src.options_filter: HMBL: options data unavailable from all sources
2026-08-07 14:39:54,399 ERROR yfinance: $HSPT: possibly delisted; no price data found  (period=1mo)
2026-08-07 14:39:58,624 WARNING src.options_filter: HSPT: options data unavailable from all sources
2026-08-07 14:40:03,182 WARNING src.options_filter: HYPD: options data unavailable from all sources
2026-08-07 14:40:11,651 WARNING src.options_filter: IDAI: options data unavailable from all sources
2026-08-07 14:40:19,066 WARNING src.options_filter: IKT: options data unavailable from all sources
2026-08-07 14:40:23,613 WARNING src.options_filter: ILAL: options data unavailable from all sources
2026-08-07 14:40:28,242 WARNING src.options_filter: IMAQ: options data unavailable from all sources
2026-08-07 14:40:39,813 WARNING src.options_filter: INKT: options data unavailable from all sources
2026-08-07 14:40:44,311 WARNING src.options_filter: INLX: options data unavailable from all sources
2026-08-07 14:40:51,870 WARNING src.options_filter: IPCX: options data unavailable from all sources
2026-08-07 14:40:56,301 WARNING src.options_filter: IPDN: options data unavailable from all sources
2026-08-07 14:41:00,817 WARNING src.options_filter: IPSI: options data unavailable from all sources
2026-08-07 14:41:05,332 WARNING src.options_filter: IQST: options data unavailable from all sources
2026-08-07 14:41:09,870 WARNING src.options_filter: ISCO: options data unavailable from all sources
2026-08-07 14:41:20,511 WARNING src.options_filter: IVDA: options data unavailable from all sources
2026-08-07 14:41:24,988 WARNING src.options_filter: JAGX: options data unavailable from all sources
2026-08-07 14:41:33,379 WARNING src.options_filter: KBLB: options data unavailable from all sources
2026-08-07 14:41:37,895 WARNING src.options_filter: KBSR: options data unavailable from all sources
2026-08-07 14:41:42,552 WARNING src.options_filter: KCHV: options data unavailable from all sources
2026-08-07 14:41:50,163 WARNING src.options_filter: KEWL: options data unavailable from all sources
2026-08-07 14:41:54,740 WARNING src.options_filter: KLNG: options data unavailable from all sources
2026-08-07 14:41:59,327 WARNING src.options_filter: KLRA: options data unavailable from all sources
2026-08-07 14:42:09,457 WARNING src.options_filter: KORE: options data unavailable from all sources
2026-08-07 14:42:23,219 WARNING src.options_filter: KTTA: options data unavailable from all sources
2026-08-07 14:42:34,101 WARNING src.options_filter: KWIK: options data unavailable from all sources
2026-08-07 14:42:45,636 WARNING src.options_filter: LFWD: options data unavailable from all sources
2026-08-07 14:42:50,282 WARNING src.options_filter: LGL: options data unavailable from all sources
2026-08-07 14:42:54,815 WARNING src.options_filter: LGVN: options data unavailable from all sources
2026-08-07 14:42:59,344 WARNING src.options_filter: LICT: options data unavailable from all sources
2026-08-07 14:43:04,114 WARNING src.options_filter: LIFD: options data unavailable from all sources
2026-08-07 14:43:08,631 WARNING src.options_filter: LIMX: options data unavailable from all sources
2026-08-07 14:43:13,156 WARNING src.options_filter: LMRI: options data unavailable from all sources
2026-08-07 14:43:18,019 WARNING src.options_filter: LPA: options data unavailable from all sources
2026-08-07 14:43:22,464 WARNING src.options_filter: LPAA: options data unavailable from all sources
2026-08-07 14:43:27,048 WARNING src.options_filter: LPBBU: options data unavailable from all sources
2026-08-07 14:43:31,578 WARNING src.options_filter: LPTVQ: options data unavailable from all sources
2026-08-07 14:43:36,145 ERROR yfinance: $LSMG: possibly delisted; no price data found  (period=1mo) (Yahoo error = "No data found, symbol may be delisted")
2026-08-07 14:43:40,377 WARNING src.options_filter: LSMG: options data unavailable from all sources
2026-08-07 14:43:47,338 WARNING src.options_filter: LTUM: options data unavailable from all sources
2026-08-07 14:43:51,942 WARNING src.options_filter: LUCD: options data unavailable from all sources
2026-08-07 14:43:56,394 WARNING src.options_filter: LVLU: options data unavailable from all sources
2026-08-07 14:43:59,710 ERROR yfinance: $LVPR: possibly delisted; no price data found  (period=1mo)
2026-08-07 14:44:04,006 WARNING src.options_filter: LVPR: options data unavailable from all sources
2026-08-07 14:44:12,345 WARNING src.options_filter: MACI: options data unavailable from all sources
2026-08-07 14:44:16,833 WARNING src.options_filter: MALG: options data unavailable from all sources
2026-08-07 14:44:25,790 WARNING src.options_filter: MCI: options data unavailable from all sources
2026-08-07 14:44:30,316 WARNING src.options_filter: MGRX: options data unavailable from all sources
2026-08-07 14:44:34,791 WARNING src.options_filter: MIRA: options data unavailable from all sources
2026-08-07 14:44:42,270 WARNING src.options_filter: MJNA: options data unavailable from all sources
2026-08-07 14:44:50,672 WARNING src.options_filter: MODD: options data unavailable from all sources
2026-08-07 14:44:55,249 WARNING src.options_filter: MPTI: options data unavailable from all sources
2026-08-07 14:44:59,751 WARNING src.options_filter: MRKR: options data unavailable from all sources
2026-08-07 14:45:04,391 WARNING src.options_filter: MRMD: options data unavailable from all sources
2026-08-07 14:45:09,049 WARNING src.options_filter: MSBB: options data unavailable from all sources
2026-08-07 14:45:13,557 WARNING src.options_filter: MSGM: options data unavailable from all sources
2026-08-07 14:45:18,021 WARNING src.options_filter: MSN: options data unavailable from all sources
2026-08-07 14:45:22,633 WARNING src.options_filter: MSPR: options data unavailable from all sources
2026-08-07 14:45:27,211 WARNING src.options_filter: MTNB: options data unavailable from all sources
2026-08-07 14:45:31,753 WARNING src.options_filter: MTR: options data unavailable from all sources
2026-08-07 14:45:42,798 WARNING src.options_filter: NASB: options data unavailable from all sources
2026-08-07 14:45:47,292 WARNING src.options_filter: NASO: options data unavailable from all sources
2026-08-07 14:45:56,052 WARNING src.options_filter: NBRI: options data unavailable from all sources
2026-08-07 14:46:00,597 WARNING src.options_filter: NCRA: options data unavailable from all sources
2026-08-07 14:46:05,113 WARNING src.options_filter: NDRA: options data unavailable from all sources
2026-08-07 14:46:12,995 WARNING src.options_filter: NHICU: options data unavailable from all sources
2026-08-07 14:46:17,465 WARNING src.options_filter: NIHK: options data unavailable from all sources
2026-08-07 14:46:22,018 WARNING src.options_filter: NIKA: options data unavailable from all sources
2026-08-07 14:46:36,045 WARNING src.options_filter: NSTS: options data unavailable from all sources
2026-08-07 14:46:44,676 WARNING src.options_filter: NUVR: options data unavailable from all sources
2026-08-07 14:46:49,286 WARNING src.options_filter: NUWE: options data unavailable from all sources
2026-08-07 14:46:53,792 WARNING src.options_filter: NVVE: options data unavailable from all sources
2026-08-07 14:46:58,532 WARNING src.options_filter: NWBO: options data unavailable from all sources
2026-08-07 14:47:05,655 WARNING src.options_filter: NYC: options data unavailable from all sources
2026-08-07 14:47:10,081 WARNING src.options_filter: OCTV: options data unavailable from all sources
2026-08-07 14:47:14,873 WARNING src.options_filter: OLOX: options data unavailable from all sources
2026-08-07 14:47:23,410 WARNING src.options_filter: ONCO: options data unavailable from all sources
2026-08-07 14:47:30,729 WARNING src.options_filter: ORBT: options data unavailable from all sources
2026-08-07 14:47:35,238 WARNING src.options_filter: ORGN: options data unavailable from all sources
2026-08-07 14:47:42,776 WARNING src.options_filter: OSRH: options data unavailable from all sources
2026-08-07 14:47:50,899 WARNING src.options_filter: PACH: options data unavailable from all sources
2026-08-07 14:47:59,442 WARNING src.options_filter: PARK: options data unavailable from all sources
2026-08-07 14:48:04,022 WARNING src.options_filter: PCMC: options data unavailable from all sources
2026-08-07 14:48:08,501 WARNING src.options_filter: PCSV: options data unavailable from all sources
2026-08-07 14:48:16,746 WARNING src.options_filter: PETV: options data unavailable from all sources
2026-08-07 14:48:21,255 WARNING src.options_filter: PEVM: options data unavailable from all sources
2026-08-07 14:48:28,277 WARNING src.options_filter: PFSA: options data unavailable from all sources
2026-08-07 14:48:32,771 WARNING src.options_filter: PGAC: options data unavailable from all sources
2026-08-07 14:48:37,401 WARNING src.options_filter: PHIO: options data unavailable from all sources
2026-08-07 14:48:41,926 WARNING src.options_filter: PLAG: options data unavailable from all sources
2026-08-07 14:48:46,429 WARNING src.options_filter: PLGO: options data unavailable from all sources
2026-08-07 14:48:50,934 WARNING src.options_filter: PLMK: options data unavailable from all sources
2026-08-07 14:48:58,523 WARNING src.options_filter: PNBK: options data unavailable from all sources
2026-08-07 14:49:03,015 WARNING src.options_filter: PODC: options data unavailable from all sources
2026-08-07 14:49:07,527 WARNING src.options_filter: POLA: options data unavailable from all sources
2026-08-07 14:49:08,535 ERROR yfinance: $PORT: possibly delisted; no price data found  (period=1mo) (Yahoo error = "No data found, symbol may be delisted")
2026-08-07 14:49:12,797 WARNING src.options_filter: PORT: options data unavailable from all sources
2026-08-07 14:49:17,330 WARNING src.options_filter: PSTV: options data unavailable from all sources
2026-08-07 14:49:21,779 WARNING src.options_filter: PULM: options data unavailable from all sources
2026-08-07 14:49:26,248 WARNING src.options_filter: PVCT: options data unavailable from all sources
2026-08-07 14:49:33,677 WARNING src.options_filter: PXHI: options data unavailable from all sources
2026-08-07 14:49:41,236 WARNING src.options_filter: QDMI: options data unavailable from all sources
2026-08-07 14:49:45,775 WARNING src.options_filter: QPRC: options data unavailable from all sources
2026-08-07 14:49:50,348 WARNING src.options_filter: QSEP: options data unavailable from all sources
2026-08-07 14:49:54,953 WARNING src.options_filter: QURT: options data unavailable from all sources
2026-08-07 14:49:59,488 WARNING src.options_filter: RAFI: options data unavailable from all sources
2026-08-07 14:50:03,929 WARNING src.options_filter: RANG: options data unavailable from all sources
2026-08-07 14:50:08,469 WARNING src.options_filter: RBCN: options data unavailable from all sources
2026-08-07 14:50:13,084 WARNING src.options_filter: RBTK: options data unavailable from all sources
2026-08-07 14:50:17,593 WARNING src.options_filter: RDAG: options data unavailable from all sources
2026-08-07 14:50:27,387 WARNING src.options_filter: REEMF: options data unavailable from all sources
2026-08-07 14:50:35,021 WARNING src.options_filter: RHEP: options data unavailable from all sources
2026-08-07 14:50:39,522 WARNING src.options_filter: RKDA: options data unavailable from all sources
2026-08-07 14:50:44,021 WARNING src.options_filter: RLBY: options data unavailable from all sources
2026-08-07 14:50:48,716 WARNING src.options_filter: RMSL: options data unavailable from all sources
2026-08-07 14:50:53,213 WARNING src.options_filter: RNGE: options data unavailable from all sources
2026-08-07 14:50:57,720 WARNING src.options_filter: RNTX: options data unavailable from all sources
2026-08-07 14:51:02,179 WARNING src.options_filter: RNXT: options data unavailable from all sources
2026-08-07 14:51:06,645 WARNING src.options_filter: RPMT: options data unavailable from all sources
2026-08-07 14:51:14,120 WARNING src.options_filter: RSAU: options data unavailable from all sources
2026-08-07 14:51:21,678 WARNING src.options_filter: RSRV: options data unavailable from all sources
2026-08-07 14:51:26,302 WARNING src.options_filter: RTB: options data unavailable from all sources
2026-08-07 14:51:30,845 WARNING src.options_filter: RTON: options data unavailable from all sources
2026-08-07 14:51:35,317 WARNING src.options_filter: SBEV: options data unavailable from all sources
2026-08-07 14:51:39,836 WARNING src.options_filter: SCGX: options data unavailable from all sources
2026-08-07 14:51:44,371 WARNING src.options_filter: SCOR: options data unavailable from all sources
2026-08-07 14:51:48,868 WARNING src.options_filter: SDCH: options data unavailable from all sources
2026-08-07 14:51:55,208 WARNING src.options_filter: SDOT: options data unavailable from all sources
2026-08-07 14:51:55,871 ERROR yfinance: $SEAL PR B: possibly delisted; no price data found  (period=1mo) (Yahoo error = "No data found, symbol may be delisted")
2026-08-07 14:52:00,103 WARNING src.options_filter: SEAL PR B: options data unavailable from all sources
2026-08-07 14:52:10,121 WARNING src.options_filter: SFRX: options data unavailable from all sources
2026-08-07 14:52:14,590 WARNING src.options_filter: SGRP: options data unavailable from all sources
2026-08-07 14:52:19,046 WARNING src.options_filter: SHFS: options data unavailable from all sources
2026-08-07 14:52:27,368 WARNING src.options_filter: SIMA: options data unavailable from all sources
2026-08-07 14:52:35,624 WARNING src.options_filter: SLBT: options data unavailable from all sources
2026-08-07 14:52:40,186 WARNING src.options_filter: SLE: options data unavailable from all sources
2026-08-07 14:52:44,633 WARNING src.options_filter: SLND: options data unavailable from all sources
2026-08-07 14:52:49,145 WARNING src.options_filter: SMID: options data unavailable from all sources
2026-08-07 14:52:56,691 WARNING src.options_filter: SMXT: options data unavailable from all sources
2026-08-07 14:53:01,244 WARNING src.options_filter: SNFCA: options data unavailable from all sources
2026-08-07 14:53:05,739 WARNING src.options_filter: SNGX: options data unavailable from all sources
2026-08-07 14:53:10,277 WARNING src.options_filter: SNRG: options data unavailable from all sources
2026-08-07 14:53:14,765 WARNING src.options_filter: SNYR: options data unavailable from all sources
2026-08-07 14:53:31,038 WARNING src.options_filter: SPMC: options data unavailable from all sources
2026-08-07 14:53:35,487 WARNING src.options_filter: SPRB: options data unavailable from all sources
2026-08-07 14:53:38,756 ERROR yfinance: $SPTN: possibly delisted; no price data found  (period=1mo) (Yahoo error = "No data found, symbol may be delisted")
2026-08-07 14:53:42,970 WARNING src.options_filter: SPTN: options data unavailable from all sources
2026-08-07 14:53:47,505 WARNING src.options_filter: SQFT: options data unavailable from all sources
2026-08-07 14:53:58,341 WARNING src.options_filter: STCB: options data unavailable from all sources
2026-08-07 14:54:11,180 WARNING src.options_filter: SUIC: options data unavailable from all sources
2026-08-07 14:54:15,737 WARNING src.options_filter: SVVC: options data unavailable from all sources
2026-08-07 14:54:16,459 ERROR yfinance: $SWKH: possibly delisted; no price data found  (period=1mo) (Yahoo error = "No data found, symbol may be delisted")
2026-08-07 14:54:20,680 WARNING src.options_filter: SWKH: options data unavailable from all sources
2026-08-07 14:54:28,290 WARNING src.options_filter: TAIT: options data unavailable from all sources
2026-08-07 14:54:32,832 WARNING src.options_filter: TAVI: options data unavailable from all sources
2026-08-07 14:54:40,647 WARNING src.options_filter: TCRT: options data unavailable from all sources
2026-08-07 14:54:45,159 WARNING src.options_filter: TDAC: options data unavailable from all sources
2026-08-07 14:54:49,595 WARNING src.options_filter: TELO: options data unavailable from all sources
2026-08-07 14:55:01,485 WARNING src.options_filter: TLSS: options data unavailable from all sources
2026-08-07 14:55:13,349 WARNING src.options_filter: TOMZ: options data unavailable from all sources
2026-08-07 14:55:18,242 WARNING src.options_filter: TRAW: options data unavailable from all sources
2026-08-07 14:55:25,680 WARNING src.options_filter: TREP: options data unavailable from all sources
2026-08-07 14:55:26,427 ERROR yfinance: $TTNP: possibly delisted; no price data found  (period=1mo) (Yahoo error = "No data found, symbol may be delisted")
2026-08-07 14:55:30,646 WARNING src.options_filter: TTNP: options data unavailable from all sources
2026-08-07 14:55:35,153 WARNING src.options_filter: TVA: options data unavailable from all sources
2026-08-07 14:55:39,694 WARNING src.options_filter: TVGN: options data unavailable from all sources
2026-08-07 14:55:44,162 WARNING src.options_filter: TWAV: options data unavailable from all sources
2026-08-07 14:55:48,704 WARNING src.options_filter: TYCB: options data unavailable from all sources
2026-08-07 14:55:53,326 WARNING src.options_filter: UAVS: options data unavailable from all sources
2026-08-07 14:55:57,853 WARNING src.options_filter: UCIX: options data unavailable from all sources
2026-08-07 14:56:02,403 WARNING src.options_filter: UEEC: options data unavailable from all sources
2026-08-07 14:56:08,722 ERROR yfinance: $VACH: possibly delisted; no price data found  (period=1mo)
2026-08-07 14:56:12,938 WARNING src.options_filter: VACH: options data unavailable from all sources
2026-08-07 14:56:17,402 WARNING src.options_filter: VASO: options data unavailable from all sources
2026-08-07 14:56:21,811 WARNING src.options_filter: VERF: options data unavailable from all sources
2026-08-07 14:56:22,548 ERROR yfinance: $VERO: possibly delisted; no price data found  (period=1mo) (Yahoo error = "No data found, symbol may be delisted")
2026-08-07 14:56:26,748 WARNING src.options_filter: VERO: options data unavailable from all sources
2026-08-07 14:56:37,885 WARNING src.options_filter: VNJA: options data unavailable from all sources
2026-08-07 14:56:42,368 WARNING src.options_filter: VNME: options data unavailable from all sources
2026-08-07 14:56:46,809 WARNING src.options_filter: VPRB: options data unavailable from all sources
2026-08-07 14:56:54,301 WARNING src.options_filter: VS: options data unavailable from all sources
2026-08-07 14:56:58,850 WARNING src.options_filter: VYNE: options data unavailable from all sources
2026-08-07 14:57:03,288 WARNING src.options_filter: WATT: options data unavailable from all sources
2026-08-07 14:57:07,819 WARNING src.options_filter: WHEN: options data unavailable from all sources
2026-08-07 14:57:12,296 WARNING src.options_filter: WHK: options data unavailable from all sources
2026-08-07 14:57:16,788 WARNING src.options_filter: WORX: options data unavailable from all sources
2026-08-07 14:57:28,774 WARNING src.options_filter: WTER: options data unavailable from all sources
2026-08-07 14:57:37,489 WARNING src.options_filter: XELB: options data unavailable from all sources
2026-08-07 14:57:45,937 WARNING src.options_filter: XTIA: options data unavailable from all sources
2026-08-07 14:57:50,378 WARNING src.options_filter: XWEL: options data unavailable from all sources
2026-08-07 14:57:54,859 WARNING src.options_filter: XXII: options data unavailable from all sources
2026-08-07 14:57:59,342 WARNING src.options_filter: YCBD: options data unavailable from all sources
2026-08-07 14:58:03,887 WARNING src.options_filter: YHGJ: options data unavailable from all sources
2026-08-07 14:58:08,360 WARNING src.options_filter: ZIVO: options data unavailable from all sources
2026-08-07 14:58:12,798 WARNING src.options_filter: ZSQR: options data unavailable from all sources
2026-08-07 14:58:17,485 WARNING src.options_filter: ABCP: options data unavailable from all sources
2026-08-07 14:58:21,979 WARNING src.options_filter: ABIT: options data unavailable from all sources
2026-08-07 14:58:33,391 WARNING src.options_filter: ACCS: options data unavailable from all sources
2026-08-07 14:58:34,111 ERROR yfinance: $ADAP: possibly delisted; no price data found  (period=1mo) (Yahoo error = "No data found, symbol may be delisted")
2026-08-07 14:58:38,333 WARNING src.options_filter: ADAP: options data unavailable from all sources
2026-08-07 14:58:42,782 WARNING src.options_filter: ADIL: options data unavailable from all sources
2026-08-07 14:58:43,492 ERROR yfinance: $ADVM: possibly delisted; no price data found  (period=1mo) (Yahoo error = "No data found, symbol may be delisted")
2026-08-07 14:58:47,727 WARNING src.options_filter: ADVM: options data unavailable from all sources
2026-08-07 14:58:52,226 WARNING src.options_filter: AEMD: options data unavailable from all sources
2026-08-07 14:58:56,816 WARNING src.options_filter: AERG: options data unavailable from all sources
2026-08-07 14:59:01,389 WARNING src.options_filter: AFJK: options data unavailable from all sources
2026-08-07 14:59:09,185 WARNING src.options_filter: AII: options data unavailable from all sources
2026-08-07 14:59:13,669 WARNING src.options_filter: AIMD: options data unavailable from all sources
2026-08-07 14:59:24,247 WARNING src.options_filter: AMNF: options data unavailable from all sources
2026-08-07 14:59:28,700 WARNING src.options_filter: ANSC: options data unavailable from all sources
2026-08-07 14:59:29,339 ERROR yfinance: $APLT: possibly delisted; no price data found  (period=1mo) (Yahoo error = "No data found, symbol may be delisted")
2026-08-07 14:59:33,574 WARNING src.options_filter: APLT: options data unavailable from all sources
2026-08-07 14:59:34,328 ERROR yfinance: $APTO: possibly delisted; no price data found  (period=1mo) (Yahoo error = "No data found, symbol may be delisted")
2026-08-07 14:59:38,565 WARNING src.options_filter: APTO: options data unavailable from all sources
2026-08-07 14:59:46,181 WARNING src.options_filter: AREB: options data unavailable from all sources
2026-08-07 14:59:50,671 WARNING src.options_filter: ARKR: options data unavailable from all sources
2026-08-07 15:00:05,725 WARNING src.options_filter: ATGN: options data unavailable from all sources
2026-08-07 15:00:10,237 WARNING src.options_filter: ATPC: options data unavailable from all sources
2026-08-07 15:00:17,860 WARNING src.options_filter: AUMN: options data unavailable from all sources
2026-08-07 15:00:18,649 ERROR yfinance: $AWH: possibly delisted; no price data found  (period=1mo) (Yahoo error = "No data found, symbol may be delisted")
2026-08-07 15:00:22,968 WARNING src.options_filter: AWH: options data unavailable from all sources
2026-08-07 15:00:35,207 WARNING src.options_filter: BEEP: options data unavailable from all sources
2026-08-07 15:00:39,774 WARNING src.options_filter: BFRG: options data unavailable from all sources
2026-08-07 15:00:44,422 WARNING src.options_filter: BFRI: options data unavailable from all sources
2026-08-07 15:00:48,943 WARNING src.options_filter: BGMS: options data unavailable from all sources
2026-08-07 15:00:56,841 WARNING src.options_filter: BKYI: options data unavailable from all sources
2026-08-07 15:01:01,421 WARNING src.options_filter: BLMH: options data unavailable from all sources
2026-08-07 15:01:05,961 WARNING src.options_filter: BMR: options data unavailable from all sources
2026-08-07 15:01:17,359 WARNING src.options_filter: BOXL: options data unavailable from all sources
2026-08-07 15:01:24,908 WARNING src.options_filter: BRN: options data unavailable from all sources
2026-08-07 15:01:29,517 WARNING src.options_filter: BSIN: options data unavailable from all sources
2026-08-07 15:01:30,199 ERROR yfinance: $BSTT: possibly delisted; no price data found  (period=1mo) (Yahoo error = "No data found, symbol may be delisted")
2026-08-07 15:01:34,491 WARNING src.options_filter: BSTT: options data unavailable from all sources
2026-08-07 15:01:42,527 WARNING src.options_filter: BYSD: options data unavailable from all sources
2026-08-07 15:01:53,750 WARNING src.options_filter: CARV: options data unavailable from all sources
2026-08-07 15:02:04,978 WARNING src.options_filter: CDAQF: options data unavailable from all sources
2026-08-07 15:02:14,894 ERROR yfinance: $CEP: possibly delisted; no price data found  (period=1mo) (Yahoo error = "No data found, symbol may be delisted")
2026-08-07 15:02:19,133 WARNING src.options_filter: CEP: options data unavailable from all sources
2026-08-07 15:02:23,977 WARNING src.options_filter: CGTX: options data unavailable from all sources
2026-08-07 15:02:28,422 WARNING src.options_filter: CHEV: options data unavailable from all sources
2026-08-07 15:02:35,580 WARNING src.options_filter: CLOQ: options data unavailable from all sources
2026-08-07 15:02:40,245 WARNING src.options_filter: CMCT: options data unavailable from all sources
2026-08-07 15:02:44,709 WARNING src.options_filter: CMPD: options data unavailable from all sources
2026-08-07 15:02:49,280 WARNING src.options_filter: CMRF: options data unavailable from all sources
2026-08-07 15:02:57,579 WARNING src.options_filter: COLA: options data unavailable from all sources
2026-08-07 15:03:02,042 WARNING src.options_filter: CREX: options data unavailable from all sources
2026-08-07 15:03:09,738 WARNING src.options_filter: CRT: options data unavailable from all sources
2026-08-07 15:03:14,285 WARNING src.options_filter: CRVW: options data unavailable from all sources
2026-08-07 15:03:22,990 WARNING src.options_filter: CSAI: options data unavailable from all sources
2026-08-07 15:03:27,606 WARNING src.options_filter: CVSI: options data unavailable from all sources
2026-08-07 15:03:35,302 WARNING src.options_filter: DDI: options data unavailable from all sources
2026-08-07 15:03:42,535 WARNING src.options_filter: DRMA: options data unavailable from all sources
2026-08-07 15:03:46,981 WARNING src.options_filter: DWTX: options data unavailable from all sources
2026-08-07 15:03:54,029 WARNING src.options_filter: EAXR: options data unavailable from all sources
2026-08-07 15:03:58,496 WARNING src.options_filter: ECX: options data unavailable from all sources
2026-08-07 15:04:03,064 WARNING src.options_filter: ELAB: options data unavailable from all sources
2026-08-07 15:04:07,940 WARNING src.options_filter: EML: options data unavailable from all sources
2026-08-07 15:04:12,501 WARNING src.options_filter: EMYB: options data unavailable from all sources
2026-08-07 15:04:17,004 WARNING src.options_filter: ENSC: options data unavailable from all sources
2026-08-07 15:04:17,847 ERROR yfinance: $EPIX: possibly delisted; no price data found  (period=1mo) (Yahoo error = "No data found, symbol may be delisted")
2026-08-07 15:04:22,089 WARNING src.options_filter: EPIX: options data unavailable from all sources
2026-08-07 15:04:26,550 WARNING src.options_filter: ERNA: options data unavailable from all sources
2026-08-07 15:04:37,813 WARNING src.options_filter: EUBG: options data unavailable from all sources
2026-08-07 15:04:48,225 WARNING src.options_filter: FACO: options data unavailable from all sources
2026-08-07 15:04:52,717 WARNING src.options_filter: FACT: options data unavailable from all sources
2026-08-07 15:04:57,202 WARNING src.options_filter: FCHS: options data unavailable from all sources
2026-08-07 15:05:01,725 WARNING src.options_filter: FDCT: options data unavailable from all sources
2026-08-07 15:05:14,479 WARNING src.options_filter: FLOC: options data unavailable from all sources
2026-08-07 15:05:18,846 ERROR yfinance: $FORA: possibly delisted; no price data found  (period=1mo) (Yahoo error = "No data found, symbol may be delisted")
2026-08-07 15:05:23,100 WARNING src.options_filter: FORA: options data unavailable from all sources
2026-08-07 15:05:27,736 WARNING src.options_filter: FOTB: options data unavailable from all sources
2026-08-07 15:05:32,392 WARNING src.options_filter: FTH: options data unavailable from all sources
2026-08-07 15:05:36,986 WARNING src.options_filter: GAUZ: options data unavailable from all sources
2026-08-07 15:05:41,472 WARNING src.options_filter: GGROU: options data unavailable from all sources
2026-08-07 15:05:45,991 WARNING src.options_filter: GIFT: options data unavailable from all sources
2026-08-07 15:05:50,480 WARNING src.options_filter: GMER: options data unavailable from all sources
2026-08-07 15:05:58,785 WARNING src.options_filter: GPAT: options data unavailable from all sources
2026-08-07 15:06:03,266 WARNING src.options_filter: GRAF: options data unavailable from all sources
2026-08-07 15:06:07,770 WARNING src.options_filter: GRTX: options data unavailable from all sources
2026-08-07 15:06:15,549 WARNING src.options_filter: GTEN: options data unavailable from all sources
2026-08-07 15:06:20,131 WARNING src.options_filter: GULTU: options data unavailable from all sources
2026-08-07 15:06:24,568 WARNING src.options_filter: GURE: options data unavailable from all sources
2026-08-07 15:06:31,190 WARNING src.options_filter: HCMC: options data unavailable from all sources
2026-08-07 15:06:35,768 WARNING src.options_filter: HGTXU: options data unavailable from all sources
2026-08-07 15:06:49,884 WARNING src.options_filter: IBAC: options data unavailable from all sources
2026-08-07 15:06:54,423 WARNING src.options_filter: ICU: options data unavailable from all sources
2026-08-07 15:06:58,916 WARNING src.options_filter: IFS: options data unavailable from all sources
2026-08-07 15:07:03,631 WARNING src.options_filter: IMNN: options data unavailable from all sources
2026-08-07 15:07:15,039 WARNING src.options_filter: INDP: options data unavailable from all sources
2026-08-07 15:07:19,514 WARNING src.options_filter: INIS: options data unavailable from all sources
2026-08-07 15:07:24,007 WARNING src.options_filter: INTI: options data unavailable from all sources
2026-08-07 15:07:28,789 WARNING src.options_filter: INTZ: options data unavailable from all sources
2026-08-07 15:07:33,273 WARNING src.options_filter: INVU: options data unavailable from all sources
2026-08-07 15:07:37,810 WARNING src.options_filter: IPM: options data unavailable from all sources
2026-08-07 15:07:45,713 WARNING src.options_filter: ITIC: options data unavailable from all sources
2026-08-07 15:07:50,298 WARNING src.options_filter: IWSH: options data unavailable from all sources
2026-08-07 15:08:08,301 WARNING src.options_filter: KANP: options data unavailable from all sources
2026-08-07 15:08:12,118 ERROR yfinance: $KZR: possibly delisted; no price data found  (period=1mo) (Yahoo error = "No data found, symbol may be delisted")
2026-08-07 15:08:16,412 WARNING src.options_filter: KZR: options data unavailable from all sources
2026-08-07 15:08:38,956 WARNING src.options_filter: LIQT: options data unavailable from all sources
2026-08-07 15:08:48,333 WARNING src.options_filter: LOCL: options data unavailable from all sources
2026-08-07 15:08:52,873 WARNING src.options_filter: LQMT: options data unavailable from all sources
2026-08-07 15:08:53,746 ERROR yfinance: $LVTX: possibly delisted; no price data found  (period=1mo) (Yahoo error = "No data found, symbol may be delisted")
2026-08-07 15:08:57,976 WARNING src.options_filter: LVTX: options data unavailable from all sources
2026-08-07 15:09:05,477 WARNING src.options_filter: MCAP: options data unavailable from all sources
2026-08-07 15:09:09,926 WARNING src.options_filter: MCCK: options data unavailable from all sources
2026-08-07 15:09:14,593 WARNING src.options_filter: MDAI: options data unavailable from all sources
2026-08-07 15:09:15,449 ERROR yfinance: $MGIC: possibly delisted; no price data found  (period=1mo) (Yahoo error = "No data found, symbol may be delisted")
2026-08-07 15:09:20,063 WARNING src.options_filter: MGIC: options data unavailable from all sources
2026-08-07 15:09:31,216 WARNING src.options_filter: MITI: options data unavailable from all sources
2026-08-07 15:09:42,546 WARNING src.options_filter: MNMB: options data unavailable from all sources
2026-08-07 15:09:50,161 WARNING src.options_filter: MOBI: options data unavailable from all sources
2026-08-07 15:09:54,680 WARNING src.options_filter: MOBX: options data unavailable from all sources
2026-08-07 15:09:59,217 WARNING src.options_filter: MRAI: options data unavailable from all sources
2026-08-07 15:09:59,928 ERROR yfinance: $MRSN: possibly delisted; no price data found  (period=1mo) (Yahoo error = "No data found, symbol may be delisted")
2026-08-07 15:10:04,456 WARNING src.options_filter: MRSN: options data unavailable from all sources
2026-08-07 15:10:13,108 WARNING src.options_filter: NEWH: options data unavailable from all sources
2026-08-07 15:10:17,623 WARNING src.options_filter: NIXX: options data unavailable from all sources
2026-08-07 15:10:25,894 WARNING src.options_filter: NRBT: options data unavailable from all sources
2026-08-07 15:10:34,206 WARNING src.options_filter: NRXS: options data unavailable from all sources
2026-08-07 15:10:41,339 WARNING src.options_filter: NSYS: options data unavailable from all sources
2026-08-07 15:10:45,860 WARNING src.options_filter: NTWO: options data unavailable from all sources
2026-08-07 15:10:53,980 ERROR yfinance: $NVRI WI: possibly delisted; no price data found  (period=1mo) (Yahoo error = "No data found, symbol may be delisted")
2026-08-07 15:10:58,218 WARNING src.options_filter: NVRI WI: options data unavailable from all sources
2026-08-07 15:10:58,893 ERROR yfinance: $OAK PR A: possibly delisted; no price data found  (period=1mo) (Yahoo error = "No data found, symbol may be delisted")
2026-08-07 15:11:03,132 WARNING src.options_filter: OAK PR A: options data unavailable from all sources
2026-08-07 15:11:19,135 WARNING src.options_filter: OPXS: options data unavailable from all sources
2026-08-07 15:11:23,624 WARNING src.options_filter: OTLC: options data unavailable from all sources
2026-08-07 15:11:34,946 WARNING src.options_filter: PAVM: options data unavailable from all sources
2026-08-07 15:11:38,500 ERROR yfinance: $PCOK: possibly delisted; no price data found  (period=1mo)
2026-08-07 15:11:42,773 WARNING src.options_filter: PCOK: options data unavailable from all sources
2026-08-07 15:11:50,423 WARNING src.options_filter: PGNT: options data unavailable from all sources
2026-08-07 15:11:54,949 WARNING src.options_filter: PHGE: options data unavailable from all sources
2026-08-07 15:11:59,453 WARNING src.options_filter: PIAC: options data unavailable from all sources
2026-08-07 15:12:03,889 WARNING src.options_filter: PKTX: options data unavailable from all sources
2026-08-07 15:12:08,386 WARNING src.options_filter: PMN: options data unavailable from all sources
2026-08-07 15:12:12,881 WARNING src.options_filter: PMTR: options data unavailable from all sources
2026-08-07 15:12:13,514 ERROR yfinance: $PMVC: possibly delisted; no price data found  (period=1mo) (Yahoo error = "No data found, symbol may be delisted")
2026-08-07 15:12:17,750 WARNING src.options_filter: PMVC: options data unavailable from all sources
2026-08-07 15:12:22,251 WARNING src.options_filter: PRHI: options data unavailable from all sources
2026-08-07 15:12:26,784 WARNING src.options_filter: PRPH: options data unavailable from all sources
2026-08-07 15:12:31,327 WARNING src.options_filter: PRPO: options data unavailable from all sources
2026-08-07 15:12:35,829 WARNING src.options_filter: PRT: options data unavailable from all sources
2026-08-07 15:12:50,586 WARNING src.options_filter: RDGL: options data unavailable from all sources
2026-08-07 15:13:00,331 WARNING src.options_filter: RJET: options data unavailable from all sources
2026-08-07 15:13:05,010 WARNING src.options_filter: ROLR: options data unavailable from all sources
2026-08-07 15:13:09,516 WARNING src.options_filter: RSCF: options data unavailable from all sources
2026-08-07 15:13:14,015 WARNING src.options_filter: RTAC: options data unavailable from all sources
2026-08-07 15:13:22,592 WARNING src.options_filter: SALM: options data unavailable from all sources
2026-08-07 15:13:27,150 WARNING src.options_filter: SCLX: options data unavailable from all sources
2026-08-07 15:13:41,550 ERROR yfinance: $SGMO: possibly delisted; no price data found  (period=1mo)
2026-08-07 15:13:45,786 WARNING src.options_filter: SGMO: options data unavailable from all sources
2026-08-07 15:13:50,317 WARNING src.options_filter: SILO: options data unavailable from all sources
2026-08-07 15:13:54,873 WARNING src.options_filter: SINT: options data unavailable from all sources
2026-08-07 15:14:02,128 WARNING src.options_filter: SLNG: options data unavailable from all sources
2026-08-07 15:14:06,975 WARNING src.options_filter: SLSN: options data unavailable from all sources
2026-08-07 15:14:14,755 ERROR yfinance: $SONN: possibly delisted; no price data found  (period=1mo) (Yahoo error = "No data found, symbol may be delisted")
2026-08-07 15:14:19,041 WARNING src.options_filter: SONN: options data unavailable from all sources
2026-08-07 15:14:19,696 ERROR yfinance: $SPNS: possibly delisted; no price data found  (period=1mo) (Yahoo error = "No data found, symbol may be delisted")
2026-08-07 15:14:23,940 WARNING src.options_filter: SPNS: options data unavailable from all sources
2026-08-07 15:14:28,413 WARNING src.options_filter: SSKN: options data unavailable from all sources
2026-08-07 15:14:38,791 WARNING src.options_filter: STLY: options data unavailable from all sources
2026-08-07 15:14:46,277 WARNING src.options_filter: SUND: options data unavailable from all sources
2026-08-07 15:14:46,481 ERROR yfinance: $SVII: possibly delisted; no price data found  (period=1mo)
2026-08-07 15:14:50,791 WARNING src.options_filter: SVII: options data unavailable from all sources
2026-08-07 15:14:58,309 WARNING src.options_filter: SZZL: options data unavailable from all sources
2026-08-07 15:15:02,909 WARNING src.options_filter: TACO: options data unavailable from all sources
2026-08-07 15:15:03,756 ERROR yfinance: $TBMC: possibly delisted; no price data found  (period=1mo) (Yahoo error = "No data found, symbol may be delisted")
2026-08-07 15:15:08,005 WARNING src.options_filter: TBMC: options data unavailable from all sources
2026-08-07 15:15:12,552 WARNING src.options_filter: TBTC: options data unavailable from all sources
2026-08-07 15:15:24,048 WARNING src.options_filter: TIL: options data unavailable from all sources
2026-08-07 15:15:31,190 ERROR yfinance: $TRML: possibly delisted; no price data found  (period=1mo) (Yahoo error = "No data found, symbol may be delisted")
2026-08-07 15:15:35,446 WARNING src.options_filter: TRML: options data unavailable from all sources
2026-08-07 15:15:39,971 WARNING src.options_filter: TRSO: options data unavailable from all sources
2026-08-07 15:15:48,141 WARNING src.options_filter: TVAI: options data unavailable from all sources
2026-08-07 15:15:52,620 WARNING src.options_filter: UCL: options data unavailable from all sources
2026-08-07 15:16:06,267 WARNING src.options_filter: VMCAF: options data unavailable from all sources
2026-08-07 15:16:13,963 WARNING src.options_filter: VYND: options data unavailable from all sources
2026-08-07 15:16:21,634 WARNING src.options_filter: WHLM: options data unavailable from all sources
2026-08-07 15:16:29,260 WARNING src.options_filter: WYTC: options data unavailable from all sources
2026-08-07 15:16:36,816 WARNING src.options_filter: XITO: options data unavailable from all sources
2026-08-07 15:16:41,394 WARNING src.options_filter: XOMA: options data unavailable from all sources
2026-08-07 15:16:45,854 WARNING src.options_filter: XTNT: options data unavailable from all sources
2026-08-07 15:16:50,355 WARNING src.options_filter: YTFD: options data unavailable from all sources
2026-08-07 15:16:55,102 WARNING src.options_filter: ZEO: options data unavailable from all sources
2026-08-07 15:16:59,689 WARNING src.options_filter: ZVSA: options data unavailable from all sources
2026-08-07 15:17:04,537 WARNING src.options_filter: AAME: options data unavailable from all sources
2026-08-07 15:17:13,053 WARNING src.options_filter: ACCR: options data unavailable from all sources
2026-08-07 15:17:32,011 WARNING src.options_filter: ADAG: options data unavailable from all sources
2026-08-07 15:17:36,516 WARNING src.options_filter: ADNH: options data unavailable from all sources
2026-08-07 15:17:57,900 WARNING src.options_filter: ALCO: options data unavailable from all sources
2026-08-07 15:18:02,606 WARNING src.options_filter: ALMR: options data unavailable from all sources
2026-08-07 15:18:27,397 WARNING src.options_filter: APRE: options data unavailable from all sources
2026-08-07 15:18:32,162 WARNING src.options_filter: APVO: options data unavailable from all sources
2026-08-07 15:18:45,870 WARNING src.options_filter: ARTNA: options data unavailable from all sources
2026-08-07 15:18:46,133 ERROR yfinance: $ASRT: possibly delisted; no price data found  (period=1mo)
2026-08-07 15:18:50,393 WARNING src.options_filter: ASRT: options data unavailable from all sources
2026-08-07 15:19:08,655 WARNING src.options_filter: ATRA: options data unavailable from all sources
2026-08-07 15:19:09,431 ERROR yfinance: $ATXS: possibly delisted; no price data found  (period=1mo) (Yahoo error = "No data found, symbol may be delisted")
2026-08-07 15:19:13,669 WARNING src.options_filter: ATXS: options data unavailable from all sources
2026-08-07 15:19:31,451 WARNING src.options_filter: BALY: options data unavailable from all sources
2026-08-07 15:19:35,920 WARNING src.options_filter: BATL: options data unavailable from all sources
2026-08-07 15:19:40,480 WARNING src.options_filter: BBGI: options data unavailable from all sources
2026-08-07 15:19:51,916 WARNING src.options_filter: BDL: options data unavailable from all sources
2026-08-07 15:20:00,231 WARNING src.options_filter: BFNH: options data unavailable from all sources
2026-08-07 15:20:08,826 WARNING src.options_filter: BLTE: options data unavailable from all sources
2026-08-07 15:20:13,468 WARNING src.options_filter: BMBN: options data unavailable from all sources
2026-08-07 15:20:18,013 WARNING src.options_filter: BNGO: options data unavailable from all sources
2026-08-07 15:20:22,682 WARNING src.options_filter: BODI: options data unavailable from all sources
2026-08-07 15:20:27,242 WARNING src.options_filter: BRTX: options data unavailable from all sources
2026-08-07 15:20:32,048 WARNING src.options_filter: BTAI: options data unavailable from all sources
2026-08-07 15:20:54,690 WARNING src.options_filter: CBDY: options data unavailable from all sources
2026-08-07 15:21:05,475 WARNING src.options_filter: CCAQ: options data unavailable from all sources
2026-08-07 15:21:19,139 WARNING src.options_filter: CFTN: options data unavailable from all sources
2026-08-07 15:21:31,044 ERROR yfinance: $CNTA: possibly delisted; no price data found  (period=1mo)
2026-08-07 15:21:35,420 WARNING src.options_filter: CNTA: options data unavailable from all sources
2026-08-07 15:21:48,343 WARNING src.options_filter: CRTD: options data unavailable from all sources
2026-08-07 15:21:52,891 WARNING src.options_filter: CSTAF: options data unavailable from all sources
2026-08-07 15:22:02,870 WARNING src.options_filter: CUB: options data unavailable from all sources
2026-08-07 15:22:07,480 WARNING src.options_filter: CURR: options data unavailable from all sources
2026-08-07 15:22:12,006 WARNING src.options_filter: CVKD: options data unavailable from all sources
2026-08-07 15:22:19,656 WARNING src.options_filter: DBIN: options data unavailable from all sources
2026-08-07 15:22:26,763 WARNING src.options_filter: DCOY: options data unavailable from all sources
2026-08-07 15:22:31,411 WARNING src.options_filter: DDS: options data unavailable from all sources
2026-08-07 15:22:35,969 WARNING src.options_filter: DFNS: options data unavailable from all sources
2026-08-07 15:22:53,161 WARNING src.options_filter: DRIO: options data unavailable from all sources
2026-08-07 15:22:54,060 ERROR yfinance: $DRRX: possibly delisted; no price data found  (period=1mo) (Yahoo error = "No data found, symbol may be delisted")
2026-08-07 15:22:58,302 WARNING src.options_filter: DRRX: options data unavailable from all sources
2026-08-07 15:23:08,722 WARNING src.options_filter: DTSQ: options data unavailable from all sources
2026-08-07 15:23:13,203 WARNING src.options_filter: ECC: options data unavailable from all sources
2026-08-07 15:23:17,686 WARNING src.options_filter: ECOX: options data unavailable from all sources
2026-08-07 15:23:22,118 WARNING src.options_filter: EFOI: options data unavailable from all sources
2026-08-07 15:23:26,665 WARNING src.options_filter: EIC: options data unavailable from all sources
2026-08-07 15:23:38,109 WARNING src.options_filter: EROK: options data unavailable from all sources
2026-08-07 15:23:45,684 WARNING src.options_filter: EXOD: options data unavailable from all sources
2026-08-07 15:23:50,165 WARNING src.options_filter: EXOZ: options data unavailable from all sources
2026-08-07 15:23:54,679 WARNING src.options_filter: FCUV: options data unavailable from all sources
2026-08-07 15:23:59,209 WARNING src.options_filter: FDSB: options data unavailable from all sources
2026-08-07 15:24:03,730 WARNING src.options_filter: FENG: options data unavailable from all sources
2026-08-07 15:24:14,806 WARNING src.options_filter: FFBW: options data unavailable from all sources
2026-08-07 15:24:19,337 WARNING src.options_filter: FINN: options data unavailable from all sources
2026-08-07 15:24:27,552 ERROR yfinance: $GBIO: possibly delisted; no price data found  (period=1mo) (Yahoo error = "No data found, symbol may be delisted")
2026-08-07 15:24:31,789 WARNING src.options_filter: GBIO: options data unavailable from all sources
2026-08-07 15:24:36,509 WARNING src.options_filter: GBLX: options data unavailable from all sources
2026-08-07 15:24:41,079 WARNING src.options_filter: GBR: options data unavailable from all sources
2026-08-07 15:24:51,254 WARNING src.options_filter: GDC: options data unavailable from all sources
2026-08-07 15:24:55,692 WARNING src.options_filter: GDST: options data unavailable from all sources
2026-08-07 15:25:00,464 WARNING src.options_filter: GENK: options data unavailable from all sources
2026-08-07 15:25:10,635 WARNING src.options_filter: GPFT: options data unavailable from all sources
2026-08-07 15:25:18,476 WARNING src.options_filter: GRNQ: options data unavailable from all sources
2026-08-07 15:25:22,984 WARNING src.options_filter: GUTS: options data unavailable from all sources
2026-08-07 15:25:27,515 WARNING src.options_filter: GWTI: options data unavailable from all sources
2026-08-07 15:25:34,828 WARNING src.options_filter: HGAS: options data unavailable from all sources
2026-08-07 15:25:35,524 ERROR yfinance: $HI: possibly delisted; no price data found  (period=1mo) (Yahoo error = "No data found, symbol may be delisted")
2026-08-07 15:25:39,753 WARNING src.options_filter: HI: options data unavailable from all sources
2026-08-07 15:25:48,278 WARNING src.options_filter: HIRU: options data unavailable from all sources
2026-08-07 15:25:55,800 ERROR yfinance: $HOFV: possibly delisted; no price data found  (period=1mo) (Yahoo error = "No data found, symbol may be delisted")
2026-08-07 15:26:00,025 WARNING src.options_filter: HOFV: options data unavailable from all sources
2026-08-07 15:26:08,984 WARNING src.options_filter: HQI: options data unavailable from all sources
2026-08-07 15:26:13,576 WARNING src.options_filter: HRGN: options data unavailable from all sources
2026-08-07 15:26:25,036 WARNING src.options_filter: HSPOF: options data unavailable from all sources
2026-08-07 15:26:29,552 WARNING src.options_filter: HVII: options data unavailable from all sources
2026-08-07 15:26:34,007 WARNING src.options_filter: HYFM: options data unavailable from all sources
2026-08-07 15:26:41,139 WARNING src.options_filter: IEHC: options data unavailable from all sources
2026-08-07 15:27:02,081 WARNING src.options_filter: INRE: options data unavailable from all sources
2026-08-07 15:27:12,890 WARNING src.options_filter: IPEX: options data unavailable from all sources
2026-08-07 15:27:13,807 ERROR yfinance: $ISPO: possibly delisted; no price data found  (period=1mo) (Yahoo error = "No data found, symbol may be delisted")
2026-08-07 15:27:18,037 WARNING src.options_filter: ISPO: options data unavailable from all sources
2026-08-07 15:27:33,277 WARNING src.options_filter: JFBC: options data unavailable from all sources
2026-08-07 15:27:37,813 WARNING src.options_filter: JOCM: options data unavailable from all sources
2026-08-07 15:27:42,316 WARNING src.options_filter: JRSH: options data unavailable from all sources
2026-08-07 15:27:49,938 WARNING src.options_filter: JWSMF: options data unavailable from all sources
2026-08-07 15:27:54,408 WARNING src.options_filter: KBDC: options data unavailable from all sources
2026-08-07 15:28:09,888 WARNING src.options_filter: KVAC: options data unavailable from all sources
2026-08-07 15:28:18,183 WARNING src.options_filter: LCTC: options data unavailable from all sources
2026-08-07 15:28:22,715 WARNING src.options_filter: LFT: options data unavailable from all sources
2026-08-07 15:28:27,304 WARNING src.options_filter: LGMK: options data unavailable from all sources
2026-08-07 15:28:38,476 WARNING src.options_filter: LVVP: options data unavailable from all sources
2026-08-07 15:28:45,925 WARNING src.options_filter: LYRA: options data unavailable from all sources
2026-08-07 15:28:50,469 WARNING src.options_filter: MAIA: options data unavailable from all sources
2026-08-07 15:28:58,368 WARNING src.options_filter: MBRX: options data unavailable from all sources
2026-08-07 15:29:02,843 WARNING src.options_filter: MCDIF: options data unavailable from all sources
2026-08-07 15:29:07,381 WARNING src.options_filter: MDCX: options data unavailable from all sources
2026-08-07 15:29:11,864 WARNING src.options_filter: MDIA: options data unavailable from all sources
2026-08-07 15:29:16,302 WARNING src.options_filter: MEDS: options data unavailable from all sources
2026-08-07 15:29:23,804 WARNING src.options_filter: MLAB: options data unavailable from all sources
2026-08-07 15:29:24,696 ERROR yfinance: $MLNK: possibly delisted; no price data found  (period=1mo) (Yahoo error = "No data found, symbol may be delisted")
2026-08-07 15:29:28,959 WARNING src.options_filter: MLNK: options data unavailable from all sources
2026-08-07 15:29:33,506 WARNING src.options_filter: MLP: options data unavailable from all sources
2026-08-07 15:29:33,509 ERROR yfinance: Failed to get ticker 'MNDY' reason: Failed to perform, curl: (16) . See https://curl.se/libcurl/c/libcurl-errors.html first for more details.
2026-08-07 15:29:41,863 WARNING src.options_filter: MNPR: options data unavailable from all sources
2026-08-07 15:29:52,088 ERROR yfinance: $MRCC: possibly delisted; no price data found  (period=1mo) (Yahoo error = "No data found, symbol may be delisted")
2026-08-07 15:29:56,334 WARNING src.options_filter: MRCC: options data unavailable from all sources
2026-08-07 15:30:04,774 WARNING src.options_filter: MVO: options data unavailable from all sources
2026-08-07 15:30:09,360 WARNING src.options_filter: MXC: options data unavailable from all sources
2026-08-07 15:30:19,592 WARNING src.options_filter: NCPL: options data unavailable from all sources
2026-08-07 15:30:39,215 WARNING src.options_filter: NNUP: options data unavailable from all sources
2026-08-07 15:30:43,699 WARNING src.options_filter: NOEM: options data unavailable from all sources
2026-08-07 15:30:48,211 WARNING src.options_filter: NRDE: options data unavailable from all sources
2026-08-07 15:30:52,742 WARNING src.options_filter: NUMD: options data unavailable from all sources
2026-08-07 15:31:00,277 WARNING src.options_filter: OACC: options data unavailable from all sources
2026-08-07 15:31:08,724 WARNING src.options_filter: OLVI: options data unavailable from all sources
2026-08-07 15:31:23,153 WARNING src.options_filter: PALI: options data unavailable from all sources
2026-08-07 15:31:30,655 WARNING src.options_filter: PASG: options data unavailable from all sources
2026-08-07 15:31:41,273 WARNING src.options_filter: PGOL: options data unavailable from all sources
2026-08-07 15:31:45,862 WARNING src.options_filter: PGTK: options data unavailable from all sources
2026-08-07 15:31:50,421 WARNING src.options_filter: PIII: options data unavailable from all sources
2026-08-07 15:32:09,776 WARNING src.options_filter: PRKR: options data unavailable from all sources
2026-08-07 15:32:14,239 WARNING src.options_filter: PRSO: options data unavailable from all sources
2026-08-07 15:32:21,602 WARNING src.options_filter: PXLW: options data unavailable from all sources
2026-08-07 15:32:26,092 WARNING src.options_filter: PXS: options data unavailable from all sources
2026-08-07 15:32:45,438 WARNING src.options_filter: RAC: options data unavailable from all sources
2026-08-07 15:32:49,936 WARNING src.options_filter: RBOT: options data unavailable from all sources
2026-08-07 15:33:03,635 WARNING src.options_filter: REED: options data unavailable from all sources
2026-08-07 15:33:08,149 WARNING src.options_filter: RGBP: options data unavailable from all sources
2026-08-07 15:33:22,730 WARNING src.options_filter: RKTO: options data unavailable from all sources
2026-08-07 15:33:27,255 WARNING src.options_filter: RLEA: options data unavailable from all sources
2026-08-07 15:33:39,161 WARNING src.options_filter: RSKIA: options data unavailable from all sources
2026-08-07 15:33:51,047 WARNING src.options_filter: SBFM: options data unavailable from all sources
2026-08-07 15:33:55,515 WARNING src.options_filter: SBXD: options data unavailable from all sources
2026-08-07 15:34:03,075 WARNING src.options_filter: SCNX: options data unavailable from all sources
2026-08-07 15:34:10,862 WARNING src.options_filter: SGRB: options data unavailable from all sources
2026-08-07 15:34:19,874 WARNING src.options_filter: SHIM: options data unavailable from all sources
2026-08-07 15:34:36,481 ERROR yfinance: $SNCR: possibly delisted; no price data found  (period=1mo) (Yahoo error = "No data found, symbol may be delisted")
2026-08-07 15:34:40,714 WARNING src.options_filter: SNCR: options data unavailable from all sources
2026-08-07 15:34:52,097 WARNING src.options_filter: SOFO: options data unavailable from all sources
2026-08-07 15:34:52,802 ERROR yfinance: $SOHO: possibly delisted; no price data found  (period=1mo) (Yahoo error = "No data found, symbol may be delisted")
2026-08-07 15:34:57,079 WARNING src.options_filter: SOHO: options data unavailable from all sources
2026-08-07 15:34:57,775 ERROR yfinance: $SPCO: possibly delisted; no price data found  (period=1mo) (Yahoo error = "No data found, symbol may be delisted")
2026-08-07 15:35:02,003 WARNING src.options_filter: SPCO: options data unavailable from all sources
2026-08-07 15:35:10,503 WARNING src.options_filter: SPKL: options data unavailable from all sources
2026-08-07 15:35:18,377 WARNING src.options_filter: SRFM: options data unavailable from all sources
2026-08-07 15:35:28,392 WARNING src.options_filter: SWAG: options data unavailable from all sources
2026-08-07 15:35:35,569 WARNING src.options_filter: SYRA: options data unavailable from all sources
2026-08-07 15:35:40,082 WARNING src.options_filter: TCCO: options data unavailable from all sources
2026-08-07 15:35:54,420 WARNING src.options_filter: THMG: options data unavailable from all sources
2026-08-07 15:35:58,961 WARNING src.options_filter: TLF: options data unavailable from all sources
2026-08-07 15:36:09,521 WARNING src.options_filter: TOVX: options data unavailable from all sources
2026-08-07 15:36:14,013 WARNING src.options_filter: TPHS: options data unavailable from all sources
2026-08-07 15:36:14,237 ERROR yfinance: $TPIC: possibly delisted; no price data found  (period=1mo)
2026-08-07 15:36:18,484 WARNING src.options_filter: TPIC: options data unavailable from all sources
2026-08-07 15:36:23,001 WARNING src.options_filter: TPST: options data unavailable from all sources
2026-08-07 15:36:27,002 ERROR yfinance: $TURN: possibly delisted; no price data found  (period=1mo) (Yahoo error = "No data found, symbol may be delisted")
2026-08-07 15:36:31,247 WARNING src.options_filter: TURN: options data unavailable from all sources
2026-08-07 15:36:38,291 WARNING src.options_filter: UCFI: options data unavailable from all sources
2026-08-07 15:36:38,974 ERROR yfinance: $ULY: possibly delisted; no price data found  (period=1mo) (Yahoo error = "No data found, symbol may be delisted")
2026-08-07 15:36:43,223 WARNING src.options_filter: ULY: options data unavailable from all sources
2026-08-07 15:36:55,162 WARNING src.options_filter: UTGN: options data unavailable from all sources
2026-08-07 15:37:07,320 WARNING src.options_filter: VHC: options data unavailable from all sources
2026-08-07 15:37:11,823 WARNING src.options_filter: VIVS: options data unavailable from all sources
2026-08-07 15:37:26,546 WARNING src.options_filter: VTVT: options data unavailable from all sources
2026-08-07 15:37:33,525 WARNING src.options_filter: WINT: options data unavailable from all sources
2026-08-07 15:37:34,232 ERROR yfinance: $WNHK: possibly delisted; no price data found  (period=1mo) (Yahoo error = "No data found, symbol may be delisted")
2026-08-07 15:37:38,471 WARNING src.options_filter: WNHK: options data unavailable from all sources
2026-08-07 15:37:39,193 ERROR yfinance: $WOW: possibly delisted; no price data found  (period=1mo) (Yahoo error = "No data found, symbol may be delisted")
2026-08-07 15:37:43,460 WARNING src.options_filter: WOW: options data unavailable from all sources
2026-08-07 15:37:48,059 WARNING src.options_filter: WTM: options data unavailable from all sources
2026-08-07 15:37:52,512 WARNING src.options_filter: XAIR: options data unavailable from all sources
2026-08-07 15:37:56,984 WARNING src.options_filter: XBIO: options data unavailable from all sources
2026-08-07 15:38:01,522 WARNING src.options_filter: XRPN: options data unavailable from all sources
2026-08-07 15:38:09,102 WARNING src.options_filter: YHC: options data unavailable from all sources
2026-08-07 15:38:17,878 WARNING src.options_filter: PFSB: options data unavailable from all sources
2026-08-07 15:38:18,153 ERROR yfinance: $STSR: possibly delisted; no price data found  (period=1mo)
2026-08-07 15:38:22,394 WARNING src.options_filter: STSR: options data unavailable from all sources
2026-08-07 15:38:33,922 WARNING src.options_filter: AIRT: options data unavailable from all sources
2026-08-07 15:38:50,394 WARNING src.options_filter: AUUD: options data unavailable from all sources
2026-08-07 15:38:54,989 WARNING src.options_filter: AWX: options data unavailable from all sources
2026-08-07 15:38:59,425 WARNING src.options_filter: BDVB: options data unavailable from all sources
2026-08-07 15:39:12,583 ERROR yfinance: $CWAN: possibly delisted; no price data found  (period=1mo)
2026-08-07 15:39:16,812 WARNING src.options_filter: CWAN: options data unavailable from all sources
2026-08-07 15:39:29,095 WARNING src.options_filter: DJCO: options data unavailable from all sources
2026-08-07 15:39:33,776 WARNING src.options_filter: DTI: options data unavailable from all sources
2026-08-07 15:39:38,458 WARNING src.options_filter: DWSN: options data unavailable from all sources
2026-08-07 15:39:43,048 WARNING src.options_filter: EDF: options data unavailable from all sources
2026-08-07 15:39:47,585 WARNING src.options_filter: ELSE: options data unavailable from all sources
2026-08-07 15:40:11,266 WARNING src.options_filter: GRVY: options data unavailable from all sources
2026-08-07 15:40:23,775 WARNING src.options_filter: HOUR: options data unavailable from all sources
2026-08-07 15:40:28,312 WARNING src.options_filter: JOUT: options data unavailable from all sources
2026-08-07 15:40:32,087 ERROR yfinance: $MRO: possibly delisted; no price data found  (period=1mo) (Yahoo error = "No data found, symbol may be delisted")
2026-08-07 15:40:36,510 WARNING src.options_filter: MRO: options data unavailable from all sources
2026-08-07 15:40:44,995 WARNING src.options_filter: OFED: options data unavailable from all sources
2026-08-07 15:40:57,534 WARNING src.options_filter: PFX: options data unavailable from all sources
2026-08-07 15:41:08,609 WARNING src.options_filter: RDCT: options data unavailable from all sources
2026-08-07 15:41:16,123 WARNING src.options_filter: RPID: options data unavailable from all sources
2026-08-07 15:41:23,640 WARNING src.options_filter: SER: options data unavailable from all sources
2026-08-07 15:41:35,019 WARNING src.options_filter: SRZN: options data unavailable from all sources
2026-08-07 15:41:35,305 ERROR yfinance: $STEL: possibly delisted; no price data found  (period=1mo)
2026-08-07 15:41:39,554 WARNING src.options_filter: STEL: options data unavailable from all sources
2026-08-07 15:41:56,354 WARNING src.options_filter: TORM: options data unavailable from all sources
2026-08-07 15:42:24,412 WARNING src.options_filter: UG: options data unavailable from all sources
2026-08-07 15:43:00,138 WARNING src.options_filter: BXBL: options data unavailable from all sources
2026-08-07 15:43:07,889 ERROR yfinance: $GTN.A: possibly delisted; no price data found  (period=1mo) (Yahoo error = "No data found, symbol may be delisted")
2026-08-07 15:43:12,156 WARNING src.options_filter: GTN.A: options data unavailable from all sources
2026-08-07 15:43:26,654 WARNING src.options_filter: ULBI: options data unavailable from all sources
2026-08-07 15:43:39,159 WARNING src.options_filter: PPHC: options data unavailable from all sources
2026-08-07 15:44:04,432 WARNING src.options_filter: CHRN: options data unavailable from all sources
2026-08-07 15:44:09,131 WARNING src.options_filter: NYAX: options data unavailable from all sources
2026-08-07 15:44:34,775 WARNING src.options_filter: IAUX: options data unavailable from all sources
2026-08-07 15:44:46,659 WARNING src.options_filter: EDN: options data unavailable from all sources
2026-08-07 15:45:04,021 WARNING src.options_filter: URG: options data unavailable from all sources
2026-08-07 15:45:08,581 WARNING src.options_filter: EIKN: options data unavailable from all sources
2026-08-07 15:45:26,540 WARNING src.options_filter: ESOA: options data unavailable from all sources
2026-08-07 15:45:31,008 WARNING src.options_filter: TTRX: options data unavailable from all sources
2026-08-07 15:45:53,259 WARNING src.options_filter: FLNT: options data unavailable from all sources
2026-08-07 15:46:04,007 WARNING src.options_filter: HMR: options data unavailable from all sources
2026-08-07 15:46:08,520 WARNING src.options_filter: ELOX: options data unavailable from all sources
2026-08-07 15:46:16,115 WARNING src.options_filter: VHUB: options data unavailable from all sources
2026-08-07 15:46:25,808 WARNING src.options_filter: INHD: options data unavailable from all sources
2026-08-07 15:46:30,541 WARNING src.options_filter: AMOD: options data unavailable from all sources
2026-08-07 15:46:35,054 WARNING src.options_filter: CTNT: options data unavailable from all sources
2026-08-07 15:46:39,596 WARNING src.options_filter: AZTR: options data unavailable from all sources
2026-08-07 15:46:44,132 WARNING src.options_filter: VTAK: options data unavailable from all sources
2026-08-07 15:47:09,996 WARNING src.options_filter: AVAL: options data unavailable from all sources
2026-08-07 15:47:20,203 WARNING src.options_filter: PHI: options data unavailable from all sources
2026-08-07 15:47:44,692 WARNING src.options_filter: DMRA: options data unavailable from all sources
2026-08-07 15:48:08,954 WARNING src.options_filter: HSLV: options data unavailable from all sources
2026-08-07 15:48:28,790 WARNING src.options_filter: BBOT: options data unavailable from all sources
2026-08-07 15:48:45,543 WARNING src.options_filter: EPRX: options data unavailable from all sources
2026-08-07 15:48:56,344 WARNING src.options_filter: TMCR: options data unavailable from all sources
2026-08-07 15:49:17,502 WARNING src.options_filter: SKYX: options data unavailable from all sources
2026-08-07 15:49:22,013 WARNING src.options_filter: STRS: options data unavailable from all sources
2026-08-07 15:49:26,510 WARNING src.options_filter: ANTA: options data unavailable from all sources
2026-08-07 15:49:36,764 WARNING src.options_filter: HYNE: options data unavailable from all sources
2026-08-07 15:49:46,196 WARNING src.options_filter: CPBI: options data unavailable from all sources
2026-08-07 15:49:53,907 WARNING src.options_filter: TISI: options data unavailable from all sources
2026-08-07 15:50:09,077 WARNING src.options_filter: AIB: options data unavailable from all sources
2026-08-07 15:50:17,054 WARNING src.options_filter: CTOR: options data unavailable from all sources
2026-08-07 15:50:25,359 WARNING src.options_filter: BOLD: options data unavailable from all sources
2026-08-07 15:50:33,892 WARNING src.options_filter: BHST: options data unavailable from all sources
2026-08-07 15:50:38,333 WARNING src.options_filter: TCRX: options data unavailable from all sources
2026-08-07 15:50:42,831 WARNING src.options_filter: MGX: options data unavailable from all sources
2026-08-07 15:50:47,300 WARNING src.options_filter: SNAL: options data unavailable from all sources
2026-08-07 15:50:51,794 WARNING src.options_filter: SCWO: options data unavailable from all sources
2026-08-07 15:50:59,336 WARNING src.options_filter: MLCI: options data unavailable from all sources
2026-08-07 15:51:07,015 WARNING src.options_filter: FMST: options data unavailable from all sources
2026-08-07 15:51:11,508 WARNING src.options_filter: EHLD: options data unavailable from all sources
2026-08-07 15:51:15,947 WARNING src.options_filter: CALC: options data unavailable from all sources
2026-08-07 15:51:22,318 WARNING src.options_filter: INUV: options data unavailable from all sources
2026-08-07 15:51:26,875 WARNING src.options_filter: CABR: options data unavailable from all sources
2026-08-07 15:51:31,473 WARNING src.options_filter: AEON: options data unavailable from all sources
2026-08-07 15:51:35,943 WARNING src.options_filter: LHAI: options data unavailable from all sources
2026-08-07 15:51:40,449 WARNING src.options_filter: WVVI: options data unavailable from all sources
2026-08-07 15:51:45,140 WARNING src.options_filter: INTS: options data unavailable from all sources
2026-08-07 15:51:49,626 WARNING src.options_filter: WKSP: options data unavailable from all sources
2026-08-07 15:51:54,160 WARNING src.options_filter: MTEX: options data unavailable from all sources
2026-08-07 15:51:59,052 WARNING src.options_filter: CRIS: options data unavailable from all sources
2026-08-07 15:52:03,609 WARNING src.options_filter: KAPA: options data unavailable from all sources
2026-08-07 15:52:08,065 WARNING src.options_filter: KITT: options data unavailable from all sources
2026-08-07 15:52:12,589 WARNING src.options_filter: AMBO: options data unavailable from all sources
2026-08-07 15:52:17,058 WARNING src.options_filter: DFSC: options data unavailable from all sources
2026-08-07 15:52:21,526 WARNING src.options_filter: SMTK: options data unavailable from all sources
2026-08-07 15:52:26,032 WARNING src.options_filter: NXGL: options data unavailable from all sources
2026-08-07 15:52:30,503 WARNING src.options_filter: PW: options data unavailable from all sources
2026-08-07 15:52:34,953 WARNING src.options_filter: SHPH: options data unavailable from all sources
2026-08-07 15:52:39,478 WARNING src.options_filter: DRCT: options data unavailable from all sources
2026-08-07 15:52:43,938 WARNING src.options_filter: SLXN: options data unavailable from all sources
2026-08-07 15:52:48,379 WARNING src.options_filter: IMCC: options data unavailable from all sources
2026-08-07 15:52:52,842 WARNING src.options_filter: BDCI: options data unavailable from all sources
2026-08-07 15:52:57,345 WARNING src.options_filter: SBXE: options data unavailable from all sources
2026-08-07 15:53:37,457 WARNING src.options_filter: BGSI: options data unavailable from all sources
2026-08-07 15:53:49,498 WARNING src.options_filter: SSMR: options data unavailable from all sources
2026-08-07 15:53:54,037 WARNING src.options_filter: ITG: options data unavailable from all sources
2026-08-07 15:54:15,932 WARNING src.options_filter: CNL: options data unavailable from all sources
2026-08-07 15:54:20,525 WARNING src.options_filter: ALVO: options data unavailable from all sources
2026-08-07 15:55:05,690 WARNING src.options_filter: ITRG: options data unavailable from all sources
2026-08-07 15:55:25,351 WARNING src.options_filter: SMTI: options data unavailable from all sources
2026-08-07 15:55:29,863 WARNING src.options_filter: OFLX: options data unavailable from all sources
2026-08-07 15:55:34,374 WARNING src.options_filter: CEPL: options data unavailable from all sources
2026-08-07 15:55:42,488 WARNING src.options_filter: MSLE: options data unavailable from all sources
2026-08-07 15:55:46,979 WARNING src.options_filter: TONT: options data unavailable from all sources
2026-08-07 15:55:51,486 WARNING src.options_filter: MINE: options data unavailable from all sources
2026-08-07 15:56:01,874 WARNING src.options_filter: USBC: options data unavailable from all sources
2026-08-07 15:56:12,377 WARNING src.options_filter: BEBE: options data unavailable from all sources
2026-08-07 15:56:19,789 WARNING src.options_filter: FLYX: options data unavailable from all sources
2026-08-07 15:56:24,554 WARNING src.options_filter: BHM: options data unavailable from all sources
2026-08-07 15:56:29,149 WARNING src.options_filter: RDZN: options data unavailable from all sources
2026-08-07 15:56:33,623 WARNING src.options_filter: FURY: options data unavailable from all sources
2026-08-07 15:56:38,036 WARNING src.options_filter: KLRS: options data unavailable from all sources
2026-08-07 15:56:42,528 WARNING src.options_filter: EP: options data unavailable from all sources
2026-08-07 15:56:49,995 WARNING src.options_filter: NEXM: options data unavailable from all sources
2026-08-07 15:56:58,014 WARNING src.options_filter: ODYS: options data unavailable from all sources
2026-08-07 15:57:02,514 WARNING src.options_filter: VGAS: options data unavailable from all sources
2026-08-07 15:57:06,998 WARNING src.options_filter: ACRV: options data unavailable from all sources
2026-08-07 15:57:11,417 WARNING src.options_filter: CIRC: options data unavailable from all sources
2026-08-07 15:57:27,496 WARNING src.options_filter: QTI: options data unavailable from all sources
2026-08-07 15:57:31,955 WARNING src.options_filter: ONMD: options data unavailable from all sources
2026-08-07 15:57:36,482 WARNING src.options_filter: VIP: options data unavailable from all sources
2026-08-07 15:57:40,978 WARNING src.options_filter: KSCP: options data unavailable from all sources
2026-08-07 15:57:45,465 WARNING src.options_filter: ATCH: options data unavailable from all sources
2026-08-07 15:57:49,944 WARNING src.options_filter: BCG: options data unavailable from all sources
2026-08-07 15:57:54,463 WARNING src.options_filter: JOB: options data unavailable from all sources
2026-08-07 15:57:58,914 WARNING src.options_filter: AHT: options data unavailable from all sources
2026-08-07 15:58:03,371 WARNING src.options_filter: DUKR: options data unavailable from all sources
2026-08-07 15:58:07,824 WARNING src.options_filter: AIFF: options data unavailable from all sources
2026-08-07 15:58:12,232 WARNING src.options_filter: ADGM: options data unavailable from all sources
2026-08-07 15:58:16,644 WARNING src.options_filter: CYN: options data unavailable from all sources
2026-08-07 15:58:21,133 WARNING src.options_filter: PTN: options data unavailable from all sources
2026-08-07 15:58:25,549 WARNING src.options_filter: RAIN: options data unavailable from all sources
2026-08-07 15:58:29,967 WARNING src.options_filter: AMIX: options data unavailable from all sources
2026-08-07 15:58:34,396 WARNING src.options_filter: ICCM: options data unavailable from all sources
2026-08-07 15:58:38,857 WARNING src.options_filter: ASBP: options data unavailable from all sources
2026-08-07 15:58:43,284 WARNING src.options_filter: DBGI: options data unavailable from all sources
2026-08-07 15:58:47,711 WARNING src.options_filter: VRME: options data unavailable from all sources
2026-08-07 15:58:52,162 WARNING src.options_filter: GXAI: options data unavailable from all sources
2026-08-07 15:58:56,698 WARNING src.options_filter: SDST: options data unavailable from all sources
2026-08-07 15:59:04,067 WARNING src.options_filter: CAPS: options data unavailable from all sources
2026-08-07 15:59:08,492 WARNING src.options_filter: HTCR: options data unavailable from all sources
2026-08-07 15:59:12,941 WARNING src.options_filter: SXTP: options data unavailable from all sources
2026-08-07 15:59:17,522 WARNING src.options_filter: XPON: options data unavailable from all sources
2026-08-07 15:59:24,964 WARNING src.options_filter: LKSP: options data unavailable from all sources
2026-08-07 15:59:29,440 WARNING src.options_filter: SVCC: options data unavailable from all sources
2026-08-07 16:00:05,304 WARNING src.options_filter: CSAN: options data unavailable from all sources
2026-08-07 16:00:19,463 WARNING src.options_filter: FBYD: options data unavailable from all sources
2026-08-07 16:00:26,648 WARNING src.options_filter: ENHA: options data unavailable from all sources
2026-08-07 16:01:02,354 WARNING src.options_filter: VALN: options data unavailable from all sources
2026-08-07 16:01:09,751 WARNING src.options_filter: MSC: options data unavailable from all sources
2026-08-07 16:01:17,203 WARNING src.options_filter: STRT: options data unavailable from all sources
2026-08-07 16:01:31,308 WARNING src.options_filter: WAVE: options data unavailable from all sources
2026-08-07 16:01:55,792 WARNING src.options_filter: NERV: options data unavailable from all sources
2026-08-07 16:02:00,239 WARNING src.options_filter: SBMT: options data unavailable from all sources
2026-08-07 16:02:08,506 WARNING src.options_filter: KGEI: options data unavailable from all sources
2026-08-07 16:02:13,040 WARNING src.options_filter: SIF: options data unavailable from all sources
2026-08-07 16:02:31,630 WARNING src.options_filter: CNTN: options data unavailable from all sources
2026-08-07 16:02:39,061 WARNING src.options_filter: CITR: options data unavailable from all sources
2026-08-07 16:02:43,530 WARNING src.options_filter: YARW: options data unavailable from all sources
2026-08-07 16:02:48,366 WARNING src.options_filter: PLYX: options data unavailable from all sources
2026-08-07 16:02:52,769 WARNING src.options_filter: ROC: options data unavailable from all sources
2026-08-07 16:02:57,500 WARNING src.options_filter: CSPI: options data unavailable from all sources
2026-08-07 16:03:04,982 WARNING src.options_filter: ZTEK: options data unavailable from all sources
2026-08-07 16:03:12,475 WARNING src.options_filter: LINK: options data unavailable from all sources
2026-08-07 16:03:23,994 WARNING src.options_filter: JFB: options data unavailable from all sources
2026-08-07 16:03:28,500 WARNING src.options_filter: ELBM: options data unavailable from all sources
2026-08-07 16:03:32,912 WARNING src.options_filter: APWC: options data unavailable from all sources
2026-08-07 16:03:37,297 WARNING src.options_filter: XLO: options data unavailable from all sources
2026-08-07 16:03:41,765 WARNING src.options_filter: ELTK: options data unavailable from all sources
2026-08-07 16:03:46,301 WARNING src.options_filter: CAST: options data unavailable from all sources
2026-08-07 16:03:50,714 WARNING src.options_filter: ELWT: options data unavailable from all sources
2026-08-07 16:03:55,171 WARNING src.options_filter: NXB: options data unavailable from all sources
2026-08-07 16:03:59,655 WARNING src.options_filter: COCH: options data unavailable from all sources
2026-08-07 16:04:04,079 WARNING src.options_filter: CPHI: options data unavailable from all sources
2026-08-07 16:04:11,661 WARNING src.options_filter: LSF: options data unavailable from all sources
2026-08-07 16:04:16,150 WARNING src.options_filter: SKYQ: options data unavailable from all sources
2026-08-07 16:04:20,762 WARNING src.options_filter: IBO: options data unavailable from all sources
2026-08-07 16:04:25,327 WARNING src.options_filter: AEI: options data unavailable from all sources
2026-08-07 16:04:29,910 WARNING src.options_filter: STG: options data unavailable from all sources
2026-08-07 16:04:34,508 WARNING src.options_filter: MAMO: options data unavailable from all sources
2026-08-07 16:04:42,512 WARNING src.options_filter: HGBL: options data unavailable from all sources
2026-08-07 16:04:50,371 WARNING src.options_filter: JAGU: options data unavailable from all sources
2026-08-07 16:04:54,927 WARNING src.options_filter: XHLD: options data unavailable from all sources
2026-08-07 16:05:02,481 WARNING src.options_filter: SRXH: options data unavailable from all sources
2026-08-07 16:05:06,982 WARNING src.options_filter: CNSY: options data unavailable from all sources
2026-08-07 16:05:11,491 WARNING src.options_filter: EONR: options data unavailable from all sources
2026-08-07 16:05:21,702 WARNING src.options_filter: HCTI: options data unavailable from all sources
2026-08-07 16:05:26,172 WARNING src.options_filter: MDBH: options data unavailable from all sources
2026-08-07 16:05:30,795 WARNING src.options_filter: COCP: options data unavailable from all sources
2026-08-07 16:05:35,290 WARNING src.options_filter: MYSE: options data unavailable from all sources
2026-08-07 16:05:45,193 WARNING src.options_filter: REBN: options data unavailable from all sources
2026-08-07 16:05:49,744 WARNING src.options_filter: OXBR: options data unavailable from all sources
2026-08-07 16:05:54,260 WARNING src.options_filter: TOPP: options data unavailable from all sources
2026-08-07 16:05:58,793 WARNING src.options_filter: CJMB: options data unavailable from all sources
2026-08-07 16:06:05,813 WARNING src.options_filter: LUCY: options data unavailable from all sources
2026-08-07 16:06:10,338 WARNING src.options_filter: SOAR: options data unavailable from all sources
2026-08-07 16:06:14,950 WARNING src.options_filter: CNET: options data unavailable from all sources
2026-08-07 16:06:19,657 WARNING src.options_filter: RENX: options data unavailable from all sources
2026-08-07 16:06:25,866 WARNING src.options_filter: RNAZ: options data unavailable from all sources
2026-08-07 16:06:30,366 WARNING src.options_filter: GCTK: options data unavailable from all sources
2026-08-07 16:06:34,874 WARNING src.options_filter: BIAF: options data unavailable from all sources
2026-08-07 16:06:39,448 WARNING src.options_filter: ATXG: options data unavailable from all sources
2026-08-07 16:06:43,975 WARNING src.options_filter: XRTX: options data unavailable from all sources
2026-08-07 16:06:48,500 WARNING src.options_filter: ISPC: options data unavailable from all sources
2026-08-07 16:06:53,041 WARNING src.options_filter: NXTS: options data unavailable from all sources
2026-08-07 16:06:57,501 WARNING src.options_filter: MYSZ: options data unavailable from all sources
2026-08-07 16:07:01,973 WARNING src.options_filter: IPST: options data unavailable from all sources
2026-08-07 16:07:06,570 WARNING src.options_filter: PWCM: options data unavailable from all sources
2026-08-07 16:07:11,147 WARNING src.options_filter: VBIO: options data unavailable from all sources
2026-08-07 16:07:15,737 WARNING src.options_filter: BTTC: options data unavailable from all sources
2026-08-07 16:07:20,229 WARNING src.options_filter: BCSS: options data unavailable from all sources
2026-08-07 16:07:26,530 WARNING src.options_filter: CEPF: options data unavailable from all sources
2026-08-07 16:07:31,036 WARNING src.options_filter: CEPV: options data unavailable from all sources
2026-08-07 16:07:35,549 WARNING src.options_filter: DNMX: options data unavailable from all sources
2026-08-07 16:07:40,050 WARNING src.options_filter: NHIC: options data unavailable from all sources
2026-08-07 16:07:44,637 WARNING src.options_filter: TLNC: options data unavailable from all sources
2026-08-07 16:07:55,894 WARNING src.options_filter: PYYX: options data unavailable from all sources
2026-08-07 16:07:59,625 WARNING src.options_filter: PYYX: options data unavailable from all sources
2026-08-07 16:08:00,479 ERROR yfinance: $UNKNOWN: possibly delisted; no price data found  (period=1mo) (Yahoo error = "No data found, symbol may be delisted")
2026-08-07 16:08:04,719 WARNING src.options_filter: UNKNOWN: options data unavailable from all sources
2026-08-07 16:08:05,077 ERROR yfinance: $UNKNOWN: possibly delisted; no price data found  (period=1mo) (Yahoo error = "No data found, symbol may be delisted")
2026-08-07 16:08:09,324 WARNING src.options_filter: UNKNOWN: options data unavailable from all sources
2026-08-07 16:08:09,688 ERROR yfinance: $UNKNOWN: possibly delisted; no price data found  (period=1mo) (Yahoo error = "No data found, symbol may be delisted")
2026-08-07 16:08:13,954 WARNING src.options_filter: UNKNOWN: options data unavailable from all sources
2026-08-07 16:08:14,318 ERROR yfinance: $UNKNOWN: possibly delisted; no price data found  (period=1mo) (Yahoo error = "No data found, symbol may be delisted")
2026-08-07 16:08:18,551 WARNING src.options_filter: UNKNOWN: options data unavailable from all sources
2026-08-07 16:08:26,086 ERROR yfinance: $UNKNOWN: possibly delisted; no price data found  (period=1mo) (Yahoo error = "No data found, symbol may be delisted")
2026-08-07 16:08:30,318 WARNING src.options_filter: UNKNOWN: options data unavailable from all sources
2026-08-07 16:08:30,689 ERROR yfinance: $UNKNOWN: possibly delisted; no price data found  (period=1mo) (Yahoo error = "No data found, symbol may be delisted")
2026-08-07 16:08:34,942 WARNING src.options_filter: UNKNOWN: options data unavailable from all sources
2026-08-07 16:08:37,986 ERROR yfinance: $UNKNOWN: possibly delisted; no price data found  (period=1mo) (Yahoo error = "No data found, symbol may be delisted")
2026-08-07 16:08:42,221 WARNING src.options_filter: UNKNOWN: options data unavailable from all sources
2026-08-07 16:08:45,496 ERROR yfinance: $UNKNOWN: possibly delisted; no price data found  (period=1mo) (Yahoo error = "No data found, symbol may be delisted")
2026-08-07 16:08:49,724 WARNING src.options_filter: UNKNOWN: options data unavailable from all sources
2026-08-07 16:08:50,066 ERROR yfinance: $UNKNOWN: possibly delisted; no price data found  (period=1mo) (Yahoo error = "No data found, symbol may be delisted")
2026-08-07 16:08:54,288 WARNING src.options_filter: UNKNOWN: options data unavailable from all sources
2026-08-07 16:08:58,022 WARNING src.options_filter: RPID: options data unavailable from all sources
2026-08-07 16:08:58,416 ERROR yfinance: $UNKNOWN: possibly delisted; no price data found  (period=1mo) (Yahoo error = "No data found, symbol may be delisted")
2026-08-07 16:09:02,647 WARNING src.options_filter: UNKNOWN: options data unavailable from all sources
2026-08-07 16:09:17,870 ERROR yfinance: $UNKNOWN: possibly delisted; no price data found  (period=1mo) (Yahoo error = "No data found, symbol may be delisted")
2026-08-07 16:09:22,105 WARNING src.options_filter: UNKNOWN: options data unavailable from all sources
2026-08-07 16:09:22,445 ERROR yfinance: $UNKNOWN: possibly delisted; no price data found  (period=1mo) (Yahoo error = "No data found, symbol may be delisted")
2026-08-07 16:09:26,684 WARNING src.options_filter: UNKNOWN: options data unavailable from all sources
2026-08-07 16:09:26,996 ERROR yfinance: $UNKNOWN: possibly delisted; no price data found  (period=1mo) (Yahoo error = "No data found, symbol may be delisted")
2026-08-07 16:09:31,281 WARNING src.options_filter: UNKNOWN: options data unavailable from all sources
2026-08-07 16:09:31,622 ERROR yfinance: $UNKNOWN: possibly delisted; no price data found  (period=1mo) (Yahoo error = "No data found, symbol may be delisted")
2026-08-07 16:09:35,920 WARNING src.options_filter: UNKNOWN: options data unavailable from all sources
2026-08-07 16:09:36,342 ERROR yfinance: $UNKNOWN: possibly delisted; no price data found  (period=1mo) (Yahoo error = "No data found, symbol may be delisted")
2026-08-07 16:09:40,571 WARNING src.options_filter: UNKNOWN: options data unavailable from all sources
2026-08-07 16:09:51,585 ERROR yfinance: $UNKNOWN: possibly delisted; no price data found  (period=1mo) (Yahoo error = "No data found, symbol may be delisted")
2026-08-07 16:09:55,819 WARNING src.options_filter: UNKNOWN: options data unavailable from all sources
2026-08-07 16:09:59,333 ERROR yfinance: $UNKNOWN: possibly delisted; no price data found  (period=1mo) (Yahoo error = "No data found, symbol may be delisted")
2026-08-07 16:10:03,570 WARNING src.options_filter: UNKNOWN: options data unavailable from all sources
2026-08-07 16:10:03,912 ERROR yfinance: $UNKNOWN: possibly delisted; no price data found  (period=1mo) (Yahoo error = "No data found, symbol may be delisted")
2026-08-07 16:10:08,158 WARNING src.options_filter: UNKNOWN: options data unavailable from all sources
2026-08-07 16:10:08,469 ERROR yfinance: $UNKNOWN: possibly delisted; no price data found  (period=1mo) (Yahoo error = "No data found, symbol may be delisted")
2026-08-07 16:10:12,720 WARNING src.options_filter: UNKNOWN: options data unavailable from all sources
2026-08-07 16:10:13,085 ERROR yfinance: $UNKNOWN: possibly delisted; no price data found  (period=1mo) (Yahoo error = "No data found, symbol may be delisted")
2026-08-07 16:10:17,321 WARNING src.options_filter: UNKNOWN: options data unavailable from all sources
2026-08-07 16:10:21,809 WARNING src.options_filter: TWFG: options data unavailable from all sources
2026-08-07 16:10:25,552 WARNING src.options_filter: TWFG: options data unavailable from all sources
2026-08-07 16:10:30,102 WARNING src.options_filter: VSECU: options data unavailable from all sources
2026-08-07 16:10:30,472 ERROR yfinance: $UNKNOWN: possibly delisted; no price data found  (period=1mo) (Yahoo error = "No data found, symbol may be delisted")
2026-08-07 16:10:34,874 WARNING src.options_filter: UNKNOWN: options data unavailable from all sources
2026-08-07 16:10:35,237 ERROR yfinance: $UNKNOWN: possibly delisted; no price data found  (period=1mo) (Yahoo error = "No data found, symbol may be delisted")
2026-08-07 16:10:39,486 WARNING src.options_filter: UNKNOWN: options data unavailable from all sources
2026-08-07 16:10:39,837 ERROR yfinance: $UNKNOWN: possibly delisted; no price data found  (period=1mo) (Yahoo error = "No data found, symbol may be delisted")
2026-08-07 16:10:44,163 WARNING src.options_filter: UNKNOWN: options data unavailable from all sources
2026-08-07 16:10:44,728 ERROR yfinance: $UNKNOWN: possibly delisted; no price data found  (period=1mo) (Yahoo error = "No data found, symbol may be delisted")
2026-08-07 16:10:48,966 WARNING src.options_filter: UNKNOWN: options data unavailable from all sources
2026-08-07 16:10:49,400 ERROR yfinance: $UNKNOWN: possibly delisted; no price data found  (period=1mo) (Yahoo error = "No data found, symbol may be delisted")
2026-08-07 16:10:53,648 WARNING src.options_filter: UNKNOWN: options data unavailable from all sources
2026-08-07 16:10:54,019 ERROR yfinance: $UNKNOWN: possibly delisted; no price data found  (period=1mo) (Yahoo error = "No data found, symbol may be delisted")
2026-08-07 16:10:58,290 WARNING src.options_filter: UNKNOWN: options data unavailable from all sources
2026-08-07 16:10:58,639 ERROR yfinance: $UNKNOWN: possibly delisted; no price data found  (period=1mo) (Yahoo error = "No data found, symbol may be delisted")
2026-08-07 16:11:02,872 WARNING src.options_filter: UNKNOWN: options data unavailable from all sources
2026-08-07 16:11:05,892 ERROR yfinance: $SSTPW: possibly delisted; no price data found  (period=1mo)
2026-08-07 16:11:10,144 WARNING src.options_filter: SSTPW: options data unavailable from all sources
2026-08-07 16:11:14,765 WARNING src.options_filter: VAL-WT: options data unavailable from all sources
2026-08-07 16:11:18,832 ERROR yfinance: $UNKNOWN: possibly delisted; no price data found  (period=1mo) (Yahoo error = "No data found, symbol may be delisted")
2026-08-07 16:11:23,080 WARNING src.options_filter: UNKNOWN: options data unavailable from all sources
2026-08-07 16:11:23,463 ERROR yfinance: $UNKNOWN: possibly delisted; no price data found  (period=1mo) (Yahoo error = "No data found, symbol may be delisted")
2026-08-07 16:11:27,747 WARNING src.options_filter: UNKNOWN: options data unavailable from all sources
2026-08-07 16:11:28,128 ERROR yfinance: $UNKNOWN: possibly delisted; no price data found  (period=1mo) (Yahoo error = "No data found, symbol may be delisted")
2026-08-07 16:11:32,370 WARNING src.options_filter: UNKNOWN: options data unavailable from all sources
2026-08-07 16:11:32,680 ERROR yfinance: $UNKNOWN: possibly delisted; no price data found  (period=1mo) (Yahoo error = "No data found, symbol may be delisted")
2026-08-07 16:11:36,974 WARNING src.options_filter: UNKNOWN: options data unavailable from all sources
2026-08-07 16:11:51,044 ERROR yfinance: $UNKNOWN: possibly delisted; no price data found  (period=1mo) (Yahoo error = "No data found, symbol may be delisted")
2026-08-07 16:11:55,343 WARNING src.options_filter: UNKNOWN: options data unavailable from all sources
2026-08-07 16:11:59,071 ERROR yfinance: $UNKNOWN: possibly delisted; no price data found  (period=1mo) (Yahoo error = "No data found, symbol may be delisted")
2026-08-07 16:12:03,331 WARNING src.options_filter: UNKNOWN: options data unavailable from all sources
2026-08-07 16:12:03,726 ERROR yfinance: $UNKNOWN: possibly delisted; no price data found  (period=1mo) (Yahoo error = "No data found, symbol may be delisted")
2026-08-07 16:12:07,990 WARNING src.options_filter: UNKNOWN: options data unavailable from all sources
2026-08-07 16:12:08,507 ERROR yfinance: $UNKNOWN: possibly delisted; no price data found  (period=1mo) (Yahoo error = "No data found, symbol may be delisted")
2026-08-07 16:12:12,752 WARNING src.options_filter: UNKNOWN: options data unavailable from all sources
2026-08-07 16:12:13,165 ERROR yfinance: $UNKNOWN: possibly delisted; no price data found  (period=1mo) (Yahoo error = "No data found, symbol may be delisted")
2026-08-07 16:12:17,433 WARNING src.options_filter: UNKNOWN: options data unavailable from all sources
2026-08-07 16:12:17,778 ERROR yfinance: $UNKNOWN: possibly delisted; no price data found  (period=1mo) (Yahoo error = "No data found, symbol may be delisted")
2026-08-07 16:12:22,027 WARNING src.options_filter: UNKNOWN: options data unavailable from all sources
2026-08-07 16:12:29,453 ERROR yfinance: $UNKNOWN: possibly delisted; no price data found  (period=1mo) (Yahoo error = "No data found, symbol may be delisted")
2026-08-07 16:12:33,699 WARNING src.options_filter: UNKNOWN: options data unavailable from all sources
2026-08-07 16:12:34,014 ERROR yfinance: $UNKNOWN: possibly delisted; no price data found  (period=1mo) (Yahoo error = "No data found, symbol may be delisted")
2026-08-07 16:12:38,269 WARNING src.options_filter: UNKNOWN: options data unavailable from all sources
2026-08-07 16:12:44,771 ERROR yfinance: $UNKNOWN: possibly delisted; no price data found  (period=1mo) (Yahoo error = "No data found, symbol may be delisted")
2026-08-07 16:12:49,073 WARNING src.options_filter: UNKNOWN: options data unavailable from all sources
2026-08-07 16:13:00,930 WARNING src.options_filter: FGBIP: options data unavailable from all sources
2026-08-07 16:13:01,283 ERROR yfinance: $UNKNOWN: possibly delisted; no price data found  (period=1mo) (Yahoo error = "No data found, symbol may be delisted")
2026-08-07 16:13:05,543 WARNING src.options_filter: UNKNOWN: options data unavailable from all sources
2026-08-07 16:13:10,025 WARNING src.options_filter: AHT-PI: options data unavailable from all sources
2026-08-07 16:13:22,095 ERROR yfinance: $UNKNOWN: possibly delisted; no price data found  (period=1mo) (Yahoo error = "No data found, symbol may be delisted")
2026-08-07 16:13:26,346 WARNING src.options_filter: UNKNOWN: options data unavailable from all sources
2026-08-07 16:13:26,716 ERROR yfinance: $UNKNOWN: possibly delisted; no price data found  (period=1mo) (Yahoo error = "No data found, symbol may be delisted")
2026-08-07 16:13:30,948 WARNING src.options_filter: UNKNOWN: options data unavailable from all sources
2026-08-07 16:13:31,419 ERROR yfinance: $UNKNOWN: possibly delisted; no price data found  (period=1mo) (Yahoo error = "No data found, symbol may be delisted")
2026-08-07 16:13:35,722 WARNING src.options_filter: UNKNOWN: options data unavailable from all sources
2026-08-07 16:13:36,168 ERROR yfinance: $UNKNOWN: possibly delisted; no price data found  (period=1mo) (Yahoo error = "No data found, symbol may be delisted")
2026-08-07 16:13:40,480 WARNING src.options_filter: UNKNOWN: options data unavailable from all sources
2026-08-07 16:13:40,790 ERROR yfinance: $UNKNOWN: possibly delisted; no price data found  (period=1mo) (Yahoo error = "No data found, symbol may be delisted")
2026-08-07 16:13:45,028 WARNING src.options_filter: UNKNOWN: options data unavailable from all sources
2026-08-07 16:13:45,399 ERROR yfinance: $UNKNOWN: possibly delisted; no price data found  (period=1mo) (Yahoo error = "No data found, symbol may be delisted")
2026-08-07 16:13:49,703 WARNING src.options_filter: UNKNOWN: options data unavailable from all sources
2026-08-07 16:13:50,012 ERROR yfinance: $UNKNOWN: possibly delisted; no price data found  (period=1mo) (Yahoo error = "No data found, symbol may be delisted")
2026-08-07 16:13:54,255 WARNING src.options_filter: UNKNOWN: options data unavailable from all sources
2026-08-07 16:13:58,474 ERROR yfinance: $UNKNOWN: possibly delisted; no price data found  (period=1mo) (Yahoo error = "No data found, symbol may be delisted")
2026-08-07 16:14:02,738 WARNING src.options_filter: UNKNOWN: options data unavailable from all sources
2026-08-07 16:14:03,154 ERROR yfinance: $UNKNOWN: possibly delisted; no price data found  (period=1mo) (Yahoo error = "No data found, symbol may be delisted")
2026-08-07 16:14:07,402 WARNING src.options_filter: UNKNOWN: options data unavailable from all sources
2026-08-07 16:14:08,075 ERROR yfinance: $UNKNOWN: possibly delisted; no price data found  (period=1mo) (Yahoo error = "No data found, symbol may be delisted")
2026-08-07 16:14:12,481 WARNING src.options_filter: UNKNOWN: options data unavailable from all sources
2026-08-07 16:14:12,597 ERROR yfinance: $SSTPW: possibly delisted; no price data found  (period=1mo)
2026-08-07 16:14:16,858 WARNING src.options_filter: SSTPW: options data unavailable from all sources
2026-08-07 16:14:21,378 WARNING src.options_filter: NLCP: options data unavailable from all sources
2026-08-07 16:14:21,729 ERROR yfinance: $UNKNOWN: possibly delisted; no price data found  (period=1mo) (Yahoo error = "No data found, symbol may be delisted")
2026-08-07 16:14:25,967 WARNING src.options_filter: UNKNOWN: options data unavailable from all sources
2026-08-07 16:14:25,967 INFO run_daily: Passed options gate: 345 events
2026-08-07 16:14:25,967 INFO run_daily: Step 7: enriching 345 events
2026-08-07 16:16:51,192 INFO run_daily: Step 8: dedup
2026-08-07 16:16:51,194 INFO run_daily: Step 9: ranking
2026-08-07 16:16:51,194 INFO run_daily: Step 10: writing digest
2026-08-07 16:16:51,228 INFO src.digest_writer: digest written: output/market_radar_2026-08-07.html
2026-08-07 16:16:51,228 INFO run_daily: === Done: output/market_radar_2026-08-07.html ===
