2026-08-10 14:21:08,054 INFO run_daily: === Market Event Radar starting — 2026-08-10 ===
2026-08-10 14:21:08,056 INFO run_daily: Step 1: fetching earnings calendar
2026-08-10 14:21:24,704 INFO src.event_fetcher: nasdaq earnings: 1152 entries across 7 days
2026-08-10 14:21:26,006 INFO src.event_fetcher: finnhub earnings: 1390 entries
2026-08-10 14:21:26,008 INFO src.event_fetcher: merged earnings universe: 1679 unique tickers
2026-08-10 14:21:26,008 INFO run_daily: Step 2: fetching 8-K filings
2026-08-10 14:21:26,927 INFO src.event_fetcher: edgar 8-K filings: 100
2026-08-10 14:21:27,226 INFO run_daily: Step 3: building universe
2026-08-10 14:21:27,228 INFO src.universe: universe: 35 tickers (10 watchlist, 25 discovered)
2026-08-10 14:21:27,228 INFO run_daily: Universe: 35 tickers
2026-08-10 14:21:27,228 INFO run_daily: Step 4: yfinance cross-check for 35 tickers
2026-08-10 14:21:48,209 INFO run_daily: Step 5: building earnings events
2026-08-10 14:21:48,214 INFO src.source_merger: earnings events built: 1679
2026-08-10 14:21:48,214 INFO run_daily: Step 5b: building 8-K events
2026-08-10 14:21:48,216 INFO run_daily: Step 6: options filter (1779 candidates)
2026-08-10 14:21:52,833 WARNING src.options_filter: AGPU: options data unavailable from all sources
2026-08-10 14:21:57,237 WARNING src.options_filter: AHRO: options data unavailable from all sources
2026-08-10 14:21:57,962 ERROR yfinance: $AIDG: possibly delisted; no price data found  (period=1mo) (Yahoo error = "No data found, symbol may be delisted")
2026-08-10 14:22:02,229 WARNING src.options_filter: AIDG: options data unavailable from all sources
2026-08-10 14:22:06,722 WARNING src.options_filter: AIHS: options data unavailable from all sources
2026-08-10 14:22:14,314 WARNING src.options_filter: ATEK: options data unavailable from all sources
2026-08-10 14:22:18,785 WARNING src.options_filter: AXIM: options data unavailable from all sources
2026-08-10 14:22:23,196 WARNING src.options_filter: AXXA: options data unavailable from all sources
2026-08-10 14:22:27,621 WARNING src.options_filter: AZIO: options data unavailable from all sources
2026-08-10 14:22:32,127 WARNING src.options_filter: BASA: options data unavailable from all sources
2026-08-10 14:22:39,441 WARNING src.options_filter: BRST: options data unavailable from all sources
2026-08-10 14:22:44,109 WARNING src.options_filter: BTO: options data unavailable from all sources
2026-08-10 14:22:48,502 WARNING src.options_filter: BYNO: options data unavailable from all sources
2026-08-10 14:22:56,401 WARNING src.options_filter: CAHO: options data unavailable from all sources
2026-08-10 14:23:03,576 WARNING src.options_filter: CETY: options data unavailable from all sources
2026-08-10 14:23:07,985 WARNING src.options_filter: CHMX: options data unavailable from all sources
2026-08-10 14:23:17,834 WARNING src.options_filter: CPMV: options data unavailable from all sources
2026-08-10 14:23:22,255 WARNING src.options_filter: CRGO: options data unavailable from all sources
2026-08-10 14:23:29,567 WARNING src.options_filter: DNMX: options data unavailable from all sources
2026-08-10 14:23:33,967 WARNING src.options_filter: DOYU: options data unavailable from all sources
2026-08-10 14:23:38,406 WARNING src.options_filter: DYNR: options data unavailable from all sources
2026-08-10 14:23:42,819 WARNING src.options_filter: EDXC: options data unavailable from all sources
2026-08-10 14:23:43,017 ERROR yfinance: $EMCG: possibly delisted; no price data found  (period=1mo)
2026-08-10 14:23:47,283 WARNING src.options_filter: EMCG: options data unavailable from all sources
2026-08-10 14:23:51,721 WARNING src.options_filter: ESGH: options data unavailable from all sources
2026-08-10 14:23:59,772 WARNING src.options_filter: FEED: options data unavailable from all sources
2026-08-10 14:24:04,265 WARNING src.options_filter: FGNV: options data unavailable from all sources
2026-08-10 14:24:08,670 WARNING src.options_filter: FLNT: options data unavailable from all sources
2026-08-10 14:24:13,081 WARNING src.options_filter: FLX: options data unavailable from all sources
2026-08-10 14:24:17,654 WARNING src.options_filter: FLXS: options data unavailable from all sources
2026-08-10 14:24:25,761 WARNING src.options_filter: FOXO: options data unavailable from all sources
2026-08-10 14:24:30,239 WARNING src.options_filter: FTFT: options data unavailable from all sources
2026-08-10 14:24:37,521 WARNING src.options_filter: GRF: options data unavailable from all sources
2026-08-10 14:24:41,926 WARNING src.options_filter: HENI: options data unavailable from all sources
2026-08-10 14:24:46,519 WARNING src.options_filter: HGYN: options data unavailable from all sources
2026-08-10 14:24:51,147 WARNING src.options_filter: HTCR: options data unavailable from all sources
2026-08-10 14:24:51,924 ERROR yfinance: $IMII: possibly delisted; no price data found  (period=1mo) (Yahoo error = "No data found, symbol may be delisted")
2026-08-10 14:24:56,184 WARNING src.options_filter: IMII: options data unavailable from all sources
2026-08-10 14:25:00,609 WARNING src.options_filter: JOB: options data unavailable from all sources
2026-08-10 14:25:04,999 WARNING src.options_filter: JTAI: options data unavailable from all sources
2026-08-10 14:25:09,410 WARNING src.options_filter: KTEL: options data unavailable from all sources
2026-08-10 14:25:13,802 WARNING src.options_filter: KUBR: options data unavailable from all sources
2026-08-10 14:25:18,261 WARNING src.options_filter: KUST: options data unavailable from all sources
2026-08-10 14:25:25,441 WARNING src.options_filter: MAMO: options data unavailable from all sources
2026-08-10 14:25:29,848 WARNING src.options_filter: MCAG: options data unavailable from all sources
2026-08-10 14:25:37,095 WARNING src.options_filter: NCL: options data unavailable from all sources
2026-08-10 14:25:44,257 WARNING src.options_filter: NTHI: options data unavailable from all sources
2026-08-10 14:25:48,737 WARNING src.options_filter: OLB: options data unavailable from all sources
2026-08-10 14:25:56,637 WARNING src.options_filter: OMQS: options data unavailable from all sources
2026-08-10 14:26:01,183 WARNING src.options_filter: OZSC: options data unavailable from all sources
2026-08-10 14:26:05,645 WARNING src.options_filter: PAIYY: options data unavailable from all sources
2026-08-10 14:26:10,074 WARNING src.options_filter: PDIV: options data unavailable from all sources
2026-08-10 14:26:14,489 WARNING src.options_filter: PLTYF: options data unavailable from all sources
2026-08-10 14:26:18,959 WARNING src.options_filter: PNRG: options data unavailable from all sources
2026-08-10 14:26:23,359 WARNING src.options_filter: QCLS: options data unavailable from all sources
2026-08-10 14:26:27,745 WARNING src.options_filter: QETA: options data unavailable from all sources
2026-08-10 14:26:32,146 WARNING src.options_filter: QMMM: options data unavailable from all sources
2026-08-10 14:26:36,532 WARNING src.options_filter: RIME: options data unavailable from all sources
2026-08-10 14:26:45,191 WARNING src.options_filter: SCND: options data unavailable from all sources
2026-08-10 14:26:49,647 WARNING src.options_filter: SCTH: options data unavailable from all sources
2026-08-10 14:26:56,744 WARNING src.options_filter: SEGG: options data unavailable from all sources
2026-08-10 14:27:04,351 WARNING src.options_filter: SHMN: options data unavailable from all sources
2026-08-10 14:27:08,792 WARNING src.options_filter: SIF: options data unavailable from all sources
2026-08-10 14:27:13,198 WARNING src.options_filter: SNPW: options data unavailable from all sources
2026-08-10 14:27:17,618 WARNING src.options_filter: SNTW: options data unavailable from all sources
2026-08-10 14:27:22,008 WARNING src.options_filter: SOAR: options data unavailable from all sources
2026-08-10 14:27:26,428 WARNING src.options_filter: SPND: options data unavailable from all sources
2026-08-10 14:27:30,911 WARNING src.options_filter: SUNE: options data unavailable from all sources
2026-08-10 14:27:35,307 WARNING src.options_filter: TOFB: options data unavailable from all sources
2026-08-10 14:27:43,020 WARNING src.options_filter: UUU: options data unavailable from all sources
2026-08-10 14:27:47,439 WARNING src.options_filter: VDRM: options data unavailable from all sources
2026-08-10 14:27:51,856 WARNING src.options_filter: VEEA: options data unavailable from all sources
2026-08-10 14:27:56,322 WARNING src.options_filter: VIVK: options data unavailable from all sources
2026-08-10 14:28:00,809 WARNING src.options_filter: VVOS: options data unavailable from all sources
2026-08-10 14:28:08,416 WARNING src.options_filter: WAVE: options data unavailable from all sources
2026-08-10 14:28:12,815 WARNING src.options_filter: WOK: options data unavailable from all sources
2026-08-10 14:28:17,218 WARNING src.options_filter: XONI: options data unavailable from all sources
2026-08-10 14:28:27,947 WARNING src.options_filter: ALLR: options data unavailable from all sources
2026-08-10 14:28:32,452 WARNING src.options_filter: ATHR: options data unavailable from all sources
2026-08-10 14:28:36,843 WARNING src.options_filter: ACTU: options data unavailable from all sources
2026-08-10 14:28:41,313 WARNING src.options_filter: ACXP: options data unavailable from all sources
2026-08-10 14:28:45,699 WARNING src.options_filter: ADGM: options data unavailable from all sources
2026-08-10 14:28:50,089 WARNING src.options_filter: AIRE: options data unavailable from all sources
2026-08-10 14:28:57,184 WARNING src.options_filter: BKYI: options data unavailable from all sources
2026-08-10 14:29:01,573 WARNING src.options_filter: BRFH: options data unavailable from all sources
2026-08-10 14:29:09,598 WARNING src.options_filter: CREG: options data unavailable from all sources
2026-08-10 14:29:14,055 WARNING src.options_filter: DTST: options data unavailable from all sources
2026-08-10 14:29:18,571 WARNING src.options_filter: EDBL: options data unavailable from all sources
2026-08-10 14:29:22,967 WARNING src.options_filter: ELWT: options data unavailable from all sources
2026-08-10 14:29:23,502 ERROR yfinance: $EWCZ: possibly delisted; no price data found  (period=1mo) (Yahoo error = "No data found, symbol may be delisted")
2026-08-10 14:29:27,783 WARNING src.options_filter: EWCZ: options data unavailable from all sources
2026-08-10 14:29:32,188 WARNING src.options_filter: FSI: options data unavailable from all sources
2026-08-10 14:29:36,644 WARNING src.options_filter: GPUS: options data unavailable from all sources
2026-08-10 14:29:41,171 WARNING src.options_filter: HURA: options data unavailable from all sources
2026-08-10 14:29:45,577 WARNING src.options_filter: KFII: options data unavailable from all sources
2026-08-10 14:29:50,096 WARNING src.options_filter: LFWD: options data unavailable from all sources
2026-08-10 14:29:56,884 WARNING src.options_filter: MCIC: options data unavailable from all sources
2026-08-10 14:30:01,333 WARNING src.options_filter: MSGM: options data unavailable from all sources
2026-08-10 14:30:06,241 WARNING src.options_filter: MSS: options data unavailable from all sources
2026-08-10 14:30:10,762 WARNING src.options_filter: MTBLY: options data unavailable from all sources
2026-08-10 14:30:17,811 WARNING src.options_filter: NVVE: options data unavailable from all sources
2026-08-10 14:30:22,220 WARNING src.options_filter: NWTG: options data unavailable from all sources
2026-08-10 14:30:26,634 WARNING src.options_filter: NXXT: options data unavailable from all sources
2026-08-10 14:30:31,458 WARNING src.options_filter: ONVC: options data unavailable from all sources
2026-08-10 14:30:39,101 WARNING src.options_filter: PWCM: options data unavailable from all sources
2026-08-10 14:30:46,305 WARNING src.options_filter: RMIX: options data unavailable from all sources
2026-08-10 14:30:54,442 WARNING src.options_filter: SIND: options data unavailable from all sources
2026-08-10 14:30:58,842 WARNING src.options_filter: SLAI: options data unavailable from all sources
2026-08-10 14:31:03,254 WARNING src.options_filter: SLE: options data unavailable from all sources
2026-08-10 14:31:07,656 WARNING src.options_filter: SMNR: options data unavailable from all sources
2026-08-10 14:31:12,083 WARNING src.options_filter: SOWG: options data unavailable from all sources
2026-08-10 14:31:19,320 WARNING src.options_filter: TKMO: options data unavailable from all sources
2026-08-10 14:31:23,724 WARNING src.options_filter: TMS: options data unavailable from all sources
2026-08-10 14:31:24,395 ERROR yfinance: $YIYU: possibly delisted; no price data found  (period=1mo) (Yahoo error = "No data found, symbol may be delisted")
2026-08-10 14:31:28,651 WARNING src.options_filter: YIYU: options data unavailable from all sources
2026-08-10 14:31:41,292 WARNING src.options_filter: AEBI: options data unavailable from all sources
2026-08-10 14:31:45,694 WARNING src.options_filter: AEMD: options data unavailable from all sources
2026-08-10 14:32:10,830 WARNING src.options_filter: AMCI: options data unavailable from all sources
2026-08-10 14:32:15,241 WARNING src.options_filter: AMS: options data unavailable from all sources
2026-08-10 14:32:22,497 WARNING src.options_filter: ARAI: options data unavailable from all sources
2026-08-10 14:32:36,050 WARNING src.options_filter: ASFH: options data unavailable from all sources
2026-08-10 14:32:40,456 WARNING src.options_filter: ATVK: options data unavailable from all sources
2026-08-10 14:32:44,872 WARNING src.options_filter: AURI: options data unavailable from all sources
2026-08-10 14:32:49,275 WARNING src.options_filter: AUSI: options data unavailable from all sources
2026-08-10 14:32:56,464 WARNING src.options_filter: AVX: options data unavailable from all sources
2026-08-10 14:33:00,879 WARNING src.options_filter: BAFN: options data unavailable from all sources
2026-08-10 14:33:08,076 WARNING src.options_filter: BCHT: options data unavailable from all sources
2026-08-10 14:33:08,611 ERROR yfinance: $BDVC: possibly delisted; no price data found  (period=1mo) (Yahoo error = "No data found, symbol may be delisted")
2026-08-10 14:33:12,866 WARNING src.options_filter: BDVC: options data unavailable from all sources
2026-08-10 14:33:17,277 WARNING src.options_filter: BEAT: options data unavailable from all sources
2026-08-10 14:33:21,673 WARNING src.options_filter: BFRI: options data unavailable from all sources
2026-08-10 14:33:29,244 WARNING src.options_filter: BIVI: options data unavailable from all sources
2026-08-10 14:33:33,704 WARNING src.options_filter: BLNE: options data unavailable from all sources
2026-08-10 14:33:41,615 WARNING src.options_filter: BLTE: options data unavailable from all sources
2026-08-10 14:33:48,879 WARNING src.options_filter: BOF: options data unavailable from all sources
2026-08-10 14:34:00,375 WARNING src.options_filter: BUDA: options data unavailable from all sources
2026-08-10 14:34:11,275 WARNING src.options_filter: CEF: options data unavailable from all sources
2026-08-10 14:34:25,193 WARNING src.options_filter: CRCW: options data unavailable from all sources
2026-08-10 14:34:29,617 WARNING src.options_filter: CREX: options data unavailable from all sources
2026-08-10 14:34:37,834 WARNING src.options_filter: CV: options data unavailable from all sources
2026-08-10 14:34:38,249 ERROR yfinance: $CVAC: possibly delisted; no price data found  (period=1mo) (Yahoo error = "No data found, symbol may be delisted")
2026-08-10 14:34:42,522 WARNING src.options_filter: CVAC: options data unavailable from all sources
2026-08-10 14:34:46,936 WARNING src.options_filter: CWD: options data unavailable from all sources
2026-08-10 14:34:51,342 WARNING src.options_filter: CYCU: options data unavailable from all sources
2026-08-10 14:34:59,351 WARNING src.options_filter: ECIA: options data unavailable from all sources
2026-08-10 14:35:03,819 WARNING src.options_filter: EESE: options data unavailable from all sources
2026-08-10 14:35:08,355 WARNING src.options_filter: EIC: options data unavailable from all sources
2026-08-10 14:35:12,755 WARNING src.options_filter: ELMT: options data unavailable from all sources
2026-08-10 14:35:17,167 WARNING src.options_filter: ELUT: options data unavailable from all sources
2026-08-10 14:35:21,605 WARNING src.options_filter: EMAT: options data unavailable from all sources
2026-08-10 14:35:26,071 WARNING src.options_filter: EQS: options data unavailable from all sources
2026-08-10 14:35:29,388 ERROR yfinance: $EUSP: possibly delisted; no price data found  (period=1mo) (Yahoo error = "No data found, symbol may be delisted")
2026-08-10 14:35:33,660 WARNING src.options_filter: EUSP: options data unavailable from all sources
2026-08-10 14:36:01,070 WARNING src.options_filter: FTLF: options data unavailable from all sources
2026-08-10 14:36:05,564 WARNING src.options_filter: FUFU: options data unavailable from all sources
2026-08-10 14:36:20,221 WARNING src.options_filter: GLTK: options data unavailable from all sources
2026-08-10 14:36:24,645 WARNING src.options_filter: GMRS: options data unavailable from all sources
2026-08-10 14:36:31,893 WARNING src.options_filter: GTEC: options data unavailable from all sources
2026-08-10 14:36:36,593 WARNING src.options_filter: GTIJF: options data unavailable from all sources
2026-08-10 14:36:41,080 WARNING src.options_filter: GWH: options data unavailable from all sources
2026-08-10 14:36:48,500 WARNING src.options_filter: HGBL: options data unavailable from all sources
2026-08-10 14:36:52,943 WARNING src.options_filter: HIT: options data unavailable from all sources
2026-08-10 14:37:00,838 WARNING src.options_filter: ICCC: options data unavailable from all sources
2026-08-10 14:37:07,960 WARNING src.options_filter: INKT: options data unavailable from all sources
2026-08-10 14:37:24,671 WARNING src.options_filter: JCAP: options data unavailable from all sources
2026-08-10 14:37:29,094 WARNING src.options_filter: JSDA: options data unavailable from all sources
2026-08-10 14:37:36,201 WARNING src.options_filter: KLNG: options data unavailable from all sources
2026-08-10 14:37:51,784 WARNING src.options_filter: LIEN: options data unavailable from all sources
2026-08-10 14:37:56,198 WARNING src.options_filter: LIVE: options data unavailable from all sources
2026-08-10 14:38:03,404 WARNING src.options_filter: LSF: options data unavailable from all sources
2026-08-10 14:38:16,777 WARNING src.options_filter: MAGE: options data unavailable from all sources
2026-08-10 14:38:21,186 WARNING src.options_filter: MDBH: options data unavailable from all sources
2026-08-10 14:38:28,344 WARNING src.options_filter: MDXH: options data unavailable from all sources
2026-08-10 14:38:32,761 WARNING src.options_filter: MFON: options data unavailable from all sources
2026-08-10 14:38:35,644 ERROR yfinance: $MGRM: possibly delisted; no price data found  (period=1mo)
2026-08-10 14:38:40,066 WARNING src.options_filter: MGRM: options data unavailable from all sources
2026-08-10 14:38:52,711 WARNING src.options_filter: MOBQ: options data unavailable from all sources
2026-08-10 14:39:01,032 WARNING src.options_filter: MSAI: options data unavailable from all sources
2026-08-10 14:39:35,980 WARNING src.options_filter: NUWE: options data unavailable from all sources
2026-08-10 14:39:40,444 WARNING src.options_filter: NXPL: options data unavailable from all sources
2026-08-10 14:39:44,905 WARNING src.options_filter: OCLN: options data unavailable from all sources
2026-08-10 14:39:52,837 WARNING src.options_filter: OSTX: options data unavailable from all sources
2026-08-10 14:39:57,242 WARNING src.options_filter: OXBR: options data unavailable from all sources
2026-08-10 14:40:01,703 WARNING src.options_filter: PAYD: options data unavailable from all sources
2026-08-10 14:40:06,108 WARNING src.options_filter: PED: options data unavailable from all sources
2026-08-10 14:40:16,516 WARNING src.options_filter: PMN: options data unavailable from all sources
2026-08-10 14:40:20,986 WARNING src.options_filter: PREM: options data unavailable from all sources
2026-08-10 14:40:31,719 WARNING src.options_filter: PTHS: options data unavailable from all sources
2026-08-10 14:40:42,500 WARNING src.options_filter: RMHI: options data unavailable from all sources
2026-08-10 14:40:49,308 WARNING src.options_filter: ROC: options data unavailable from all sources
2026-08-10 14:40:53,700 WARNING src.options_filter: SBC: options data unavailable from all sources
2026-08-10 14:40:58,260 WARNING src.options_filter: SBDS: options data unavailable from all sources
2026-08-10 14:40:58,392 ERROR yfinance: $SBSAA: possibly delisted; no price data found  (period=1mo)
2026-08-10 14:41:02,706 WARNING src.options_filter: SBSAA: options data unavailable from all sources
2026-08-10 14:41:07,136 WARNING src.options_filter: SDST: options data unavailable from all sources
2026-08-10 14:41:11,630 WARNING src.options_filter: SGA: options data unavailable from all sources
2026-08-10 14:41:16,090 WARNING src.options_filter: SLGL: options data unavailable from all sources
2026-08-10 14:41:20,493 WARNING src.options_filter: SLNH: options data unavailable from all sources
2026-08-10 14:41:24,955 WARNING src.options_filter: SMEV: options data unavailable from all sources
2026-08-10 14:41:29,438 WARNING src.options_filter: SPCB: options data unavailable from all sources
2026-08-10 14:41:39,634 WARNING src.options_filter: SRXH: options data unavailable from all sources
2026-08-10 14:41:46,291 ERROR yfinance: $STEL: possibly delisted; no price data found  (period=1mo)
2026-08-10 14:41:50,544 WARNING src.options_filter: STEL: options data unavailable from all sources
2026-08-10 14:41:58,545 WARNING src.options_filter: SWMR: options data unavailable from all sources
2026-08-10 14:42:02,947 WARNING src.options_filter: TAYD: options data unavailable from all sources
2026-08-10 14:42:10,934 WARNING src.options_filter: TNON: options data unavailable from all sources
2026-08-10 14:42:18,176 WARNING src.options_filter: TPCS: options data unavailable from all sources
2026-08-10 14:42:38,999 WARNING src.options_filter: VTIX: options data unavailable from all sources
2026-08-10 14:42:49,189 WARNING src.options_filter: WKHS: options data unavailable from all sources
2026-08-10 14:43:00,116 WARNING src.options_filter: XAIR: options data unavailable from all sources
2026-08-10 14:43:04,519 WARNING src.options_filter: XBP: options data unavailable from all sources
2026-08-10 14:43:12,313 WARNING src.options_filter: XOS: options data unavailable from all sources
2026-08-10 14:43:24,038 WARNING src.options_filter: YSWY: options data unavailable from all sources
2026-08-10 14:43:28,438 WARNING src.options_filter: YXT: options data unavailable from all sources
2026-08-10 14:43:35,658 WARNING src.options_filter: AAPI: options data unavailable from all sources
2026-08-10 14:43:40,049 WARNING src.options_filter: AASP: options data unavailable from all sources
2026-08-10 14:43:43,741 ERROR yfinance: $AC: possibly delisted; no price data found  (period=1mo) (Yahoo error = "No data found, symbol may be delisted")
2026-08-10 14:43:47,987 WARNING src.options_filter: AC: options data unavailable from all sources
2026-08-10 14:43:52,391 WARNING src.options_filter: ADTX: options data unavailable from all sources
2026-08-10 14:43:56,776 WARNING src.options_filter: AIFA: options data unavailable from all sources
2026-08-10 14:44:01,313 WARNING src.options_filter: AIRI: options data unavailable from all sources
2026-08-10 14:44:05,702 WARNING src.options_filter: AIXC: options data unavailable from all sources
2026-08-10 14:44:27,231 WARNING src.options_filter: AMZE: options data unavailable from all sources
2026-08-10 14:44:31,621 WARNING src.options_filter: ANDG: options data unavailable from all sources
2026-08-10 14:44:36,023 WARNING src.options_filter: ANNA: options data unavailable from all sources
2026-08-10 14:44:53,180 WARNING src.options_filter: AQUC: options data unavailable from all sources
2026-08-10 14:44:57,606 WARNING src.options_filter: ARTL: options data unavailable from all sources
2026-08-10 14:45:02,087 WARNING src.options_filter: ASFT: options data unavailable from all sources
2026-08-10 14:45:06,493 WARNING src.options_filter: ASNS: options data unavailable from all sources
2026-08-10 14:45:14,569 WARNING src.options_filter: ATXI: options data unavailable from all sources
2026-08-10 14:45:18,962 WARNING src.options_filter: AUID: options data unavailable from all sources
2026-08-10 14:45:32,596 WARNING src.options_filter: BACK: options data unavailable from all sources
2026-08-10 14:45:36,992 WARNING src.options_filter: BATL: options data unavailable from all sources
2026-08-10 14:45:41,419 WARNING src.options_filter: BAYA: options data unavailable from all sources
2026-08-10 14:45:45,827 WARNING src.options_filter: BBLG: options data unavailable from all sources
2026-08-10 14:45:50,241 WARNING src.options_filter: BBXIA: options data unavailable from all sources
2026-08-10 14:45:54,662 WARNING src.options_filter: BCDA: options data unavailable from all sources
2026-08-10 14:45:59,067 WARNING src.options_filter: BCLI: options data unavailable from all sources
2026-08-10 14:46:03,485 WARNING src.options_filter: BDCO: options data unavailable from all sources
2026-08-10 14:46:07,901 WARNING src.options_filter: BEAG: options data unavailable from all sources
2026-08-10 14:46:12,395 WARNING src.options_filter: BESS: options data unavailable from all sources
2026-08-10 14:46:19,605 WARNING src.options_filter: BGDE: options data unavailable from all sources
2026-08-10 14:46:24,030 WARNING src.options_filter: BICX: options data unavailable from all sources
2026-08-10 14:46:28,452 WARNING src.options_filter: BINI: options data unavailable from all sources
2026-08-10 14:46:32,884 WARNING src.options_filter: BKTI: options data unavailable from all sources
2026-08-10 14:46:37,442 WARNING src.options_filter: BLGO: options data unavailable from all sources
2026-08-10 14:46:41,927 WARNING src.options_filter: BLIN: options data unavailable from all sources
2026-08-10 14:46:46,317 WARNING src.options_filter: BLNC: options data unavailable from all sources
2026-08-10 14:46:50,718 WARNING src.options_filter: BNBX: options data unavailable from all sources
2026-08-10 14:46:55,100 WARNING src.options_filter: BNKK: options data unavailable from all sources
2026-08-10 14:46:59,483 WARNING src.options_filter: BNZI: options data unavailable from all sources
2026-08-10 14:47:03,885 WARNING src.options_filter: BOLT: options data unavailable from all sources
2026-08-10 14:47:08,347 WARNING src.options_filter: BOTY: options data unavailable from all sources
2026-08-10 14:47:12,732 WARNING src.options_filter: BPTH: options data unavailable from all sources
2026-08-10 14:47:17,120 WARNING src.options_filter: BRGX: options data unavailable from all sources
2026-08-10 14:47:21,587 WARNING src.options_filter: BSEM: options data unavailable from all sources
2026-08-10 14:47:25,990 WARNING src.options_filter: BTCY: options data unavailable from all sources
2026-08-10 14:47:33,179 WARNING src.options_filter: BUDZ: options data unavailable from all sources
2026-08-10 14:47:37,580 WARNING src.options_filter: BURU: options data unavailable from all sources
2026-08-10 14:47:44,720 WARNING src.options_filter: CAMP: options data unavailable from all sources
2026-08-10 14:47:52,296 WARNING src.options_filter: CAPC: options data unavailable from all sources
2026-08-10 14:48:00,094 ERROR yfinance: $CCRD: possibly delisted; no price data found  (period=1mo) (Yahoo error = "No data found, symbol may be delisted")
2026-08-10 14:48:04,365 WARNING src.options_filter: CCRD: options data unavailable from all sources
2026-08-10 14:48:08,764 WARNING src.options_filter: CDIX: options data unavailable from all sources
2026-08-10 14:48:13,176 WARNING src.options_filter: CDT: options data unavailable from all sources
2026-08-10 14:48:20,632 WARNING src.options_filter: CETX: options data unavailable from all sources
2026-08-10 14:48:25,093 WARNING src.options_filter: CFOO: options data unavailable from all sources
2026-08-10 14:48:29,493 WARNING src.options_filter: CHAI: options data unavailable from all sources
2026-08-10 14:48:34,072 WARNING src.options_filter: CHGA: options data unavailable from all sources
2026-08-10 14:48:38,519 WARNING src.options_filter: CISO: options data unavailable from all sources
2026-08-10 14:48:45,080 WARNING src.options_filter: CLRB: options data unavailable from all sources
2026-08-10 14:48:49,561 WARNING src.options_filter: CLRO: options data unavailable from all sources
2026-08-10 14:48:53,966 WARNING src.options_filter: CMMB: options data unavailable from all sources
2026-08-10 14:48:58,383 WARNING src.options_filter: CNFN: options data unavailable from all sources
2026-08-10 14:49:02,782 WARNING src.options_filter: CNGO: options data unavailable from all sources
2026-08-10 14:49:07,200 WARNING src.options_filter: CNRD: options data unavailable from all sources
2026-08-10 14:49:11,625 WARNING src.options_filter: CNSP: options data unavailable from all sources
2026-08-10 14:49:16,034 WARNING src.options_filter: CNSY: options data unavailable from all sources
2026-08-10 14:49:23,177 WARNING src.options_filter: COCP: options data unavailable from all sources
2026-08-10 14:49:33,278 WARNING src.options_filter: CPRX: options data unavailable from all sources
2026-08-10 14:49:33,832 ERROR yfinance: $CRTAF: possibly delisted; no price data found  (period=1mo) (Yahoo error = "No data found, symbol may be delisted")
2026-08-10 14:49:38,158 WARNING src.options_filter: CRTAF: options data unavailable from all sources
2026-08-10 14:49:42,554 WARNING src.options_filter: CRWE: options data unavailable from all sources
2026-08-10 14:49:56,157 WARNING src.options_filter: CVM: options data unavailable from all sources
2026-08-10 14:50:00,573 WARNING src.options_filter: CVV: options data unavailable from all sources
2026-08-10 14:50:05,101 WARNING src.options_filter: CYN: options data unavailable from all sources
2026-08-10 14:50:15,131 WARNING src.options_filter: DARE: options data unavailable from all sources
2026-08-10 14:50:25,892 WARNING src.options_filter: DFPH: options data unavailable from all sources
2026-08-10 14:50:30,280 WARNING src.options_filter: DJCO: options data unavailable from all sources
2026-08-10 14:50:37,858 WARNING src.options_filter: DPLS: options data unavailable from all sources
2026-08-10 14:50:42,320 WARNING src.options_filter: DQWS: options data unavailable from all sources
2026-08-10 14:50:46,720 WARNING src.options_filter: DRCT: options data unavailable from all sources
2026-08-10 14:50:51,194 WARNING src.options_filter: DSS: options data unavailable from all sources
2026-08-10 14:51:00,592 ERROR yfinance: $EBFI: possibly delisted; no price data found  (period=1mo) (Yahoo error = "No data found, symbol may be delisted")
2026-08-10 14:51:04,871 WARNING src.options_filter: EBFI: options data unavailable from all sources
2026-08-10 14:51:09,422 WARNING src.options_filter: ECTM: options data unavailable from all sources
2026-08-10 14:51:13,847 WARNING src.options_filter: ELLH: options data unavailable from all sources
2026-08-10 14:51:18,259 WARNING src.options_filter: ELTP: options data unavailable from all sources
2026-08-10 14:51:22,737 WARNING src.options_filter: EMMA: options data unavailable from all sources
2026-08-10 14:51:30,066 WARNING src.options_filter: ENVB: options data unavailable from all sources
2026-08-10 14:51:46,086 WARNING src.options_filter: ESEA: options data unavailable from all sources
2026-08-10 14:51:50,576 WARNING src.options_filter: EVFM: options data unavailable from all sources
2026-08-10 14:51:51,092 ERROR yfinance: $EVOK: possibly delisted; no price data found  (period=1mo) (Yahoo error = "No data found, symbol may be delisted")
2026-08-10 14:51:55,379 WARNING src.options_filter: EVOK: options data unavailable from all sources
2026-08-10 14:52:02,642 WARNING src.options_filter: FABC: options data unavailable from all sources
2026-08-10 14:52:13,469 WARNING src.options_filter: FBYD: options data unavailable from all sources
2026-08-10 14:52:17,955 WARNING src.options_filter: FFLO: options data unavailable from all sources
2026-08-10 14:52:22,378 WARNING src.options_filter: FGI: options data unavailable from all sources
2026-08-10 14:52:26,792 WARNING src.options_filter: FLYX: options data unavailable from all sources
2026-08-10 14:52:31,270 WARNING src.options_filter: FMHS: options data unavailable from all sources
2026-08-10 14:52:38,386 WARNING src.options_filter: FRMO: options data unavailable from all sources
2026-08-10 14:52:46,418 WARNING src.options_filter: FSSL: options data unavailable from all sources
2026-08-10 14:52:50,881 WARNING src.options_filter: FUST: options data unavailable from all sources
2026-08-10 14:53:01,502 WARNING src.options_filter: GBCS: options data unavailable from all sources
2026-08-10 14:53:05,917 WARNING src.options_filter: GEDC: options data unavailable from all sources
2026-08-10 14:53:13,882 WARNING src.options_filter: GLSI: options data unavailable from all sources
2026-08-10 14:53:18,544 WARNING src.options_filter: GNLN: options data unavailable from all sources
2026-08-10 14:53:23,086 WARNING src.options_filter: GNPX: options data unavailable from all sources
2026-08-10 14:53:30,687 WARNING src.options_filter: GOGY: options data unavailable from all sources
2026-08-10 14:53:31,082 ERROR yfinance: $GORV: possibly delisted; no price data found  (period=1mo) (Yahoo error = "No data found, symbol may be delisted")
2026-08-10 14:53:35,394 WARNING src.options_filter: GORV: options data unavailable from all sources
2026-08-10 14:53:42,614 WARNING src.options_filter: GRDX: options data unavailable from all sources
2026-08-10 14:53:47,063 WARNING src.options_filter: GRI: options data unavailable from all sources
2026-08-10 14:53:55,016 WARNING src.options_filter: GSHR: options data unavailable from all sources
2026-08-10 14:53:59,404 WARNING src.options_filter: GTBP: options data unavailable from all sources
2026-08-10 14:54:03,805 WARNING src.options_filter: GTCH: options data unavailable from all sources
2026-08-10 14:54:08,203 WARNING src.options_filter: GTERA: options data unavailable from all sources
2026-08-10 14:54:12,599 WARNING src.options_filter: GTHP: options data unavailable from all sources
2026-08-10 14:54:19,439 WARNING src.options_filter: HBUV: options data unavailable from all sources
2026-08-10 14:54:23,851 WARNING src.options_filter: HCWC: options data unavailable from all sources
2026-08-10 14:54:28,464 WARNING src.options_filter: HIND: options data unavailable from all sources
2026-08-10 14:54:35,605 WARNING src.options_filter: HLYK: options data unavailable from all sources
2026-08-10 14:54:36,043 ERROR yfinance: $HMBL: possibly delisted; no price data found  (period=1mo) (Yahoo error = "No data found, symbol may be delisted")
2026-08-10 14:54:40,300 WARNING src.options_filter: HMBL: options data unavailable from all sources
2026-08-10 14:54:43,219 ERROR yfinance: $HSPT: possibly delisted; no price data found  (period=1mo)
2026-08-10 14:54:47,541 WARNING src.options_filter: HSPT: options data unavailable from all sources
2026-08-10 14:54:55,722 WARNING src.options_filter: HYPD: options data unavailable from all sources
2026-08-10 14:55:00,197 WARNING src.options_filter: ICCM: options data unavailable from all sources
2026-08-10 14:55:04,653 WARNING src.options_filter: ICU: options data unavailable from all sources
2026-08-10 14:55:09,071 WARNING src.options_filter: IDAI: options data unavailable from all sources
2026-08-10 14:55:16,400 WARNING src.options_filter: IKT: options data unavailable from all sources
2026-08-10 14:55:20,804 WARNING src.options_filter: ILAL: options data unavailable from all sources
2026-08-10 14:55:32,269 WARNING src.options_filter: INLX: options data unavailable from all sources
2026-08-10 14:55:39,461 WARNING src.options_filter: IPCX: options data unavailable from all sources
2026-08-10 14:55:43,865 WARNING src.options_filter: IPDN: options data unavailable from all sources
2026-08-10 14:55:48,318 WARNING src.options_filter: IPSI: options data unavailable from all sources
2026-08-10 14:55:52,713 WARNING src.options_filter: IQST: options data unavailable from all sources
2026-08-10 14:55:57,187 WARNING src.options_filter: ISCO: options data unavailable from all sources
2026-08-10 14:56:01,591 WARNING src.options_filter: ITG: options data unavailable from all sources
2026-08-10 14:56:11,713 WARNING src.options_filter: IVDA: options data unavailable from all sources
2026-08-10 14:56:16,112 WARNING src.options_filter: IVF: options data unavailable from all sources
2026-08-10 14:56:23,694 WARNING src.options_filter: JAGX: options data unavailable from all sources
2026-08-10 14:56:31,940 WARNING src.options_filter: KBLB: options data unavailable from all sources
2026-08-10 14:56:36,328 WARNING src.options_filter: KBSR: options data unavailable from all sources
2026-08-10 14:56:40,830 WARNING src.options_filter: KCHV: options data unavailable from all sources
2026-08-10 14:56:48,050 WARNING src.options_filter: KEWL: options data unavailable from all sources
2026-08-10 14:56:52,530 WARNING src.options_filter: KITT: options data unavailable from all sources
2026-08-10 14:56:56,995 WARNING src.options_filter: KLRA: options data unavailable from all sources
2026-08-10 14:57:04,229 WARNING src.options_filter: KORE: options data unavailable from all sources
2026-08-10 14:57:11,346 WARNING src.options_filter: KSCP: options data unavailable from all sources
2026-08-10 14:57:18,749 WARNING src.options_filter: KTTA: options data unavailable from all sources
2026-08-10 14:57:25,905 WARNING src.options_filter: KWIK: options data unavailable from all sources
2026-08-10 14:57:36,682 WARNING src.options_filter: LGL: options data unavailable from all sources
2026-08-10 14:57:41,065 WARNING src.options_filter: LGVN: options data unavailable from all sources
2026-08-10 14:57:45,528 WARNING src.options_filter: LICT: options data unavailable from all sources
2026-08-10 14:57:49,915 WARNING src.options_filter: LIFD: options data unavailable from all sources
2026-08-10 14:57:54,358 WARNING src.options_filter: LIMX: options data unavailable from all sources
2026-08-10 14:57:58,754 WARNING src.options_filter: LIQT: options data unavailable from all sources
2026-08-10 14:58:03,170 WARNING src.options_filter: LMRI: options data unavailable from all sources
2026-08-10 14:58:07,589 WARNING src.options_filter: LOCL: options data unavailable from all sources
2026-08-10 14:58:12,007 WARNING src.options_filter: LPA: options data unavailable from all sources
2026-08-10 14:58:16,413 WARNING src.options_filter: LPAA: options data unavailable from all sources
2026-08-10 14:58:20,880 WARNING src.options_filter: LPBBU: options data unavailable from all sources
2026-08-10 14:58:25,283 WARNING src.options_filter: LPTVQ: options data unavailable from all sources
2026-08-10 14:58:29,446 ERROR yfinance: $LSMG: possibly delisted; no price data found  (period=1mo) (Yahoo error = "No data found, symbol may be delisted")
2026-08-10 14:58:33,717 WARNING src.options_filter: LSMG: options data unavailable from all sources
2026-08-10 14:58:38,127 WARNING src.options_filter: LTUM: options data unavailable from all sources
2026-08-10 14:58:42,526 WARNING src.options_filter: LUCD: options data unavailable from all sources
2026-08-10 14:58:46,926 WARNING src.options_filter: LVLU: options data unavailable from all sources
2026-08-10 14:58:49,852 ERROR yfinance: $LVPR: possibly delisted; no price data found  (period=1mo)
2026-08-10 14:58:54,195 WARNING src.options_filter: LVPR: options data unavailable from all sources
2026-08-10 14:58:58,594 WARNING src.options_filter: MACI: options data unavailable from all sources
2026-08-10 14:59:07,098 WARNING src.options_filter: MCI: options data unavailable from all sources
2026-08-10 14:59:14,258 WARNING src.options_filter: MGRX: options data unavailable from all sources
2026-08-10 14:59:21,268 WARNING src.options_filter: MIRA: options data unavailable from all sources
2026-08-10 14:59:28,400 WARNING src.options_filter: MJNA: options data unavailable from all sources
2026-08-10 14:59:32,802 WARNING src.options_filter: MODD: options data unavailable from all sources
2026-08-10 14:59:37,428 WARNING src.options_filter: MPTI: options data unavailable from all sources
2026-08-10 14:59:41,894 WARNING src.options_filter: MRKR: options data unavailable from all sources
2026-08-10 14:59:46,377 WARNING src.options_filter: MRMD: options data unavailable from all sources
2026-08-10 14:59:50,850 WARNING src.options_filter: MSBB: options data unavailable from all sources
2026-08-10 14:59:58,125 WARNING src.options_filter: MSN: options data unavailable from all sources
2026-08-10 15:00:02,570 WARNING src.options_filter: MSPR: options data unavailable from all sources
2026-08-10 15:00:07,305 WARNING src.options_filter: MTNB: options data unavailable from all sources
2026-08-10 15:00:11,986 WARNING src.options_filter: MTR: options data unavailable from all sources
2026-08-10 15:00:18,826 WARNING src.options_filter: NASO: options data unavailable from all sources
2026-08-10 15:00:26,970 WARNING src.options_filter: NBRI: options data unavailable from all sources
2026-08-10 15:00:31,443 WARNING src.options_filter: NCRA: options data unavailable from all sources
2026-08-10 15:00:35,855 WARNING src.options_filter: NDRA: options data unavailable from all sources
2026-08-10 15:00:43,385 WARNING src.options_filter: NHICU: options data unavailable from all sources
2026-08-10 15:00:47,831 WARNING src.options_filter: NIHK: options data unavailable from all sources
2026-08-10 15:00:52,315 WARNING src.options_filter: NIKA: options data unavailable from all sources
2026-08-10 15:01:00,688 WARNING src.options_filter: NSTS: options data unavailable from all sources
2026-08-10 15:01:08,704 WARNING src.options_filter: NUVR: options data unavailable from all sources
2026-08-10 15:01:13,139 WARNING src.options_filter: NWBO: options data unavailable from all sources
2026-08-10 15:01:20,021 WARNING src.options_filter: NYC: options data unavailable from all sources
2026-08-10 15:01:24,442 WARNING src.options_filter: OCTV: options data unavailable from all sources
2026-08-10 15:01:28,860 WARNING src.options_filter: OLOX: options data unavailable from all sources
2026-08-10 15:01:36,994 WARNING src.options_filter: ONCO: options data unavailable from all sources
2026-08-10 15:01:41,449 WARNING src.options_filter: ONFO: options data unavailable from all sources
2026-08-10 15:01:48,309 WARNING src.options_filter: ORBT: options data unavailable from all sources
2026-08-10 15:01:52,716 WARNING src.options_filter: ORGN: options data unavailable from all sources
2026-08-10 15:01:59,887 WARNING src.options_filter: OSRH: options data unavailable from all sources
2026-08-10 15:02:04,417 WARNING src.options_filter: PACH: options data unavailable from all sources
2026-08-10 15:02:08,926 WARNING src.options_filter: PARK: options data unavailable from all sources
2026-08-10 15:02:13,329 WARNING src.options_filter: PCSV: options data unavailable from all sources
2026-08-10 15:02:17,749 WARNING src.options_filter: PETV: options data unavailable from all sources
2026-08-10 15:02:22,164 WARNING src.options_filter: PEVM: options data unavailable from all sources
2026-08-10 15:02:29,019 WARNING src.options_filter: PFSA: options data unavailable from all sources
2026-08-10 15:02:33,422 WARNING src.options_filter: PGAC: options data unavailable from all sources
2026-08-10 15:02:37,852 WARNING src.options_filter: PLAG: options data unavailable from all sources
2026-08-10 15:02:42,422 WARNING src.options_filter: PLGO: options data unavailable from all sources
2026-08-10 15:02:46,826 WARNING src.options_filter: PLMK: options data unavailable from all sources
2026-08-10 15:02:54,080 WARNING src.options_filter: PNBK: options data unavailable from all sources
2026-08-10 15:02:58,543 WARNING src.options_filter: PODC: options data unavailable from all sources
2026-08-10 15:03:03,023 WARNING src.options_filter: POLA: options data unavailable from all sources
2026-08-10 15:03:03,506 ERROR yfinance: $PORT: possibly delisted; no price data found  (period=1mo) (Yahoo error = "No data found, symbol may be delisted")
2026-08-10 15:03:07,776 WARNING src.options_filter: PORT: options data unavailable from all sources
2026-08-10 15:03:17,606 WARNING src.options_filter: PULM: options data unavailable from all sources
2026-08-10 15:03:23,080 WARNING src.options_filter: PVCT: options data unavailable from all sources
2026-08-10 15:03:30,283 WARNING src.options_filter: PXHI: options data unavailable from all sources
2026-08-10 15:03:40,343 WARNING src.options_filter: QDMI: options data unavailable from all sources
2026-08-10 15:03:47,853 WARNING src.options_filter: QMCI: options data unavailable from all sources
2026-08-10 15:03:52,346 WARNING src.options_filter: QPRC: options data unavailable from all sources
2026-08-10 15:03:56,755 WARNING src.options_filter: QSEP: options data unavailable from all sources
2026-08-10 15:04:01,244 WARNING src.options_filter: QTI: options data unavailable from all sources
2026-08-10 15:04:05,669 WARNING src.options_filter: QURT: options data unavailable from all sources
2026-08-10 15:04:10,207 WARNING src.options_filter: RAFI: options data unavailable from all sources
2026-08-10 15:04:14,659 WARNING src.options_filter: RANG: options data unavailable from all sources
2026-08-10 15:04:19,157 WARNING src.options_filter: RBCN: options data unavailable from all sources
2026-08-10 15:04:23,559 WARNING src.options_filter: RBTK: options data unavailable from all sources
2026-08-10 15:04:27,969 WARNING src.options_filter: RDAG: options data unavailable from all sources
2026-08-10 15:04:37,491 WARNING src.options_filter: REED: options data unavailable from all sources
2026-08-10 15:04:44,659 WARNING src.options_filter: RHEP: options data unavailable from all sources
2026-08-10 15:04:49,064 WARNING src.options_filter: RKDA: options data unavailable from all sources
2026-08-10 15:04:53,548 WARNING src.options_filter: RMSL: options data unavailable from all sources
2026-08-10 15:04:57,958 WARNING src.options_filter: RNGE: options data unavailable from all sources
2026-08-10 15:05:02,371 WARNING src.options_filter: RNTX: options data unavailable from all sources
2026-08-10 15:05:06,851 WARNING src.options_filter: RNXT: options data unavailable from all sources
2026-08-10 15:05:11,273 WARNING src.options_filter: RPMT: options data unavailable from all sources
2026-08-10 15:05:18,418 WARNING src.options_filter: RSAU: options data unavailable from all sources
2026-08-10 15:05:25,588 WARNING src.options_filter: RSRV: options data unavailable from all sources
2026-08-10 15:05:29,984 WARNING src.options_filter: RTB: options data unavailable from all sources
2026-08-10 15:05:34,395 WARNING src.options_filter: RTON: options data unavailable from all sources
2026-08-10 15:05:38,813 WARNING src.options_filter: SBEV: options data unavailable from all sources
2026-08-10 15:05:43,381 WARNING src.options_filter: SCGX: options data unavailable from all sources
2026-08-10 15:05:47,786 WARNING src.options_filter: SCOR: options data unavailable from all sources
2026-08-10 15:05:52,250 WARNING src.options_filter: SDOT: options data unavailable from all sources
2026-08-10 15:05:52,754 ERROR yfinance: $SEAL PR B: possibly delisted; no price data found  (period=1mo) (Yahoo error = "No data found, symbol may be delisted")
2026-08-10 15:05:57,012 WARNING src.options_filter: SEAL PR B: options data unavailable from all sources
2026-08-10 15:06:06,781 WARNING src.options_filter: SFRX: options data unavailable from all sources
2026-08-10 15:06:11,211 WARNING src.options_filter: SGRP: options data unavailable from all sources
2026-08-10 15:06:15,631 WARNING src.options_filter: SIMA: options data unavailable from all sources
2026-08-10 15:06:22,870 WARNING src.options_filter: SLBT: options data unavailable from all sources
2026-08-10 15:06:27,273 WARNING src.options_filter: SLND: options data unavailable from all sources
2026-08-10 15:06:31,753 WARNING src.options_filter: SMID: options data unavailable from all sources
2026-08-10 15:06:38,943 WARNING src.options_filter: SMXT: options data unavailable from all sources
2026-08-10 15:06:43,346 WARNING src.options_filter: SNFCA: options data unavailable from all sources
2026-08-10 15:06:47,817 WARNING src.options_filter: SNGX: options data unavailable from all sources
2026-08-10 15:06:52,274 WARNING src.options_filter: SNRG: options data unavailable from all sources
2026-08-10 15:06:56,684 WARNING src.options_filter: SNYR: options data unavailable from all sources
2026-08-10 15:07:11,536 WARNING src.options_filter: SPMC: options data unavailable from all sources
2026-08-10 15:07:16,355 WARNING src.options_filter: SPRB: options data unavailable from all sources
2026-08-10 15:07:22,354 ERROR yfinance: $SPTN: possibly delisted; no price data found  (period=1mo) (Yahoo error = "No data found, symbol may be delisted")
2026-08-10 15:07:26,621 WARNING src.options_filter: SPTN: options data unavailable from all sources
2026-08-10 15:07:31,041 WARNING src.options_filter: SQFT: options data unavailable from all sources
2026-08-10 15:07:38,281 WARNING src.options_filter: SSMR: options data unavailable from all sources
2026-08-10 15:07:45,561 WARNING src.options_filter: STCB: options data unavailable from all sources
2026-08-10 15:07:53,234 WARNING src.options_filter: STRT: options data unavailable from all sources
2026-08-10 15:08:03,925 WARNING src.options_filter: SUIC: options data unavailable from all sources
2026-08-10 15:08:09,037 WARNING src.options_filter: SVVC: options data unavailable from all sources
2026-08-10 15:08:09,472 ERROR yfinance: $SWKH: possibly delisted; no price data found  (period=1mo) (Yahoo error = "No data found, symbol may be delisted")
2026-08-10 15:08:13,833 WARNING src.options_filter: SWKH: options data unavailable from all sources
2026-08-10 15:08:21,005 WARNING src.options_filter: TAIT: options data unavailable from all sources
2026-08-10 15:08:25,405 WARNING src.options_filter: TAVI: options data unavailable from all sources
2026-08-10 15:08:32,905 WARNING src.options_filter: TCRT: options data unavailable from all sources
2026-08-10 15:08:37,303 WARNING src.options_filter: TDAC: options data unavailable from all sources
2026-08-10 15:08:45,423 WARNING src.options_filter: TELO: options data unavailable from all sources
2026-08-10 15:08:55,980 WARNING src.options_filter: TLSS: options data unavailable from all sources
2026-08-10 15:09:00,424 WARNING src.options_filter: TOMZ: options data unavailable from all sources
2026-08-10 15:09:04,836 WARNING src.options_filter: TRAW: options data unavailable from all sources
2026-08-10 15:09:09,375 WARNING src.options_filter: TREP: options data unavailable from all sources
2026-08-10 15:09:09,838 ERROR yfinance: $TTNP: possibly delisted; no price data found  (period=1mo) (Yahoo error = "No data found, symbol may be delisted")
2026-08-10 15:09:14,104 WARNING src.options_filter: TTNP: options data unavailable from all sources
2026-08-10 15:09:18,496 WARNING src.options_filter: TVA: options data unavailable from all sources
2026-08-10 15:09:22,926 WARNING src.options_filter: TVGN: options data unavailable from all sources
2026-08-10 15:09:30,117 WARNING src.options_filter: TYCB: options data unavailable from all sources
2026-08-10 15:09:34,531 WARNING src.options_filter: UAVS: options data unavailable from all sources
2026-08-10 15:09:38,940 WARNING src.options_filter: UCIX: options data unavailable from all sources
2026-08-10 15:09:43,402 WARNING src.options_filter: UEEC: options data unavailable from all sources
2026-08-10 15:09:48,938 ERROR yfinance: $VACH: possibly delisted; no price data found  (period=1mo)
2026-08-10 15:09:53,204 WARNING src.options_filter: VACH: options data unavailable from all sources
2026-08-10 15:09:57,596 WARNING src.options_filter: VASO: options data unavailable from all sources
2026-08-10 15:10:02,015 WARNING src.options_filter: VERF: options data unavailable from all sources
2026-08-10 15:10:02,793 ERROR yfinance: $VERO: possibly delisted; no price data found  (period=1mo) (Yahoo error = "No data found, symbol may be delisted")
2026-08-10 15:10:07,128 WARNING src.options_filter: VERO: options data unavailable from all sources
2026-08-10 15:10:17,658 WARNING src.options_filter: VNJA: options data unavailable from all sources
2026-08-10 15:10:22,067 WARNING src.options_filter: VNME: options data unavailable from all sources
2026-08-10 15:10:26,483 WARNING src.options_filter: VPRB: options data unavailable from all sources
2026-08-10 15:10:30,894 WARNING src.options_filter: VS: options data unavailable from all sources
2026-08-10 15:10:35,311 WARNING src.options_filter: VYNE: options data unavailable from all sources
2026-08-10 15:10:39,714 WARNING src.options_filter: WATT: options data unavailable from all sources
2026-08-10 15:10:44,100 WARNING src.options_filter: WHEN: options data unavailable from all sources
2026-08-10 15:10:48,497 WARNING src.options_filter: WHK: options data unavailable from all sources
2026-08-10 15:10:52,893 WARNING src.options_filter: WORX: options data unavailable from all sources
2026-08-10 15:11:00,366 WARNING src.options_filter: WTER: options data unavailable from all sources
2026-08-10 15:11:08,472 WARNING src.options_filter: XELB: options data unavailable from all sources
2026-08-10 15:11:19,315 WARNING src.options_filter: XTIA: options data unavailable from all sources
2026-08-10 15:11:23,705 WARNING src.options_filter: XWEL: options data unavailable from all sources
2026-08-10 15:11:28,113 WARNING src.options_filter: XXII: options data unavailable from all sources
2026-08-10 15:11:32,506 WARNING src.options_filter: YCBD: options data unavailable from all sources
2026-08-10 15:11:36,897 WARNING src.options_filter: YHGJ: options data unavailable from all sources
2026-08-10 15:11:41,296 WARNING src.options_filter: ZDPY: options data unavailable from all sources
2026-08-10 15:11:45,704 WARNING src.options_filter: ZIVO: options data unavailable from all sources
2026-08-10 15:11:50,090 WARNING src.options_filter: ZSPC: options data unavailable from all sources
2026-08-10 15:11:54,483 WARNING src.options_filter: ZSQR: options data unavailable from all sources
2026-08-10 15:12:04,343 WARNING src.options_filter: ABCP: options data unavailable from all sources
2026-08-10 15:12:08,829 WARNING src.options_filter: ABIT: options data unavailable from all sources
2026-08-10 15:12:19,612 WARNING src.options_filter: ACCS: options data unavailable from all sources
2026-08-10 15:12:24,076 WARNING src.options_filter: ACRV: options data unavailable from all sources
2026-08-10 15:12:24,537 ERROR yfinance: $ADAP: possibly delisted; no price data found  (period=1mo) (Yahoo error = "No data found, symbol may be delisted")
2026-08-10 15:12:28,802 WARNING src.options_filter: ADAP: options data unavailable from all sources
2026-08-10 15:12:33,227 WARNING src.options_filter: ADIL: options data unavailable from all sources
2026-08-10 15:12:33,809 ERROR yfinance: $ADVM: possibly delisted; no price data found  (period=1mo) (Yahoo error = "No data found, symbol may be delisted")
2026-08-10 15:12:38,130 WARNING src.options_filter: ADVM: options data unavailable from all sources
2026-08-10 15:12:42,571 WARNING src.options_filter: AERG: options data unavailable from all sources
2026-08-10 15:12:47,048 WARNING src.options_filter: AFJK: options data unavailable from all sources
2026-08-10 15:12:54,789 WARNING src.options_filter: AII: options data unavailable from all sources
2026-08-10 15:13:11,909 WARNING src.options_filter: AMNF: options data unavailable from all sources
2026-08-10 15:13:16,339 WARNING src.options_filter: ANSC: options data unavailable from all sources
2026-08-10 15:13:20,755 WARNING src.options_filter: ANTA: options data unavailable from all sources
2026-08-10 15:13:21,369 ERROR yfinance: $APLT: possibly delisted; no price data found  (period=1mo) (Yahoo error = "No data found, symbol may be delisted")
2026-08-10 15:13:25,635 WARNING src.options_filter: APLT: options data unavailable from all sources
2026-08-10 15:13:26,169 ERROR yfinance: $APTO: possibly delisted; no price data found  (period=1mo) (Yahoo error = "No data found, symbol may be delisted")
2026-08-10 15:13:30,501 WARNING src.options_filter: APTO: options data unavailable from all sources
2026-08-10 15:13:37,726 WARNING src.options_filter: AREB: options data unavailable from all sources
2026-08-10 15:13:51,369 WARNING src.options_filter: ATGN: options data unavailable from all sources
2026-08-10 15:13:55,791 WARNING src.options_filter: ATPC: options data unavailable from all sources
2026-08-10 15:14:01,802 ERROR yfinance: $AWH: possibly delisted; no price data found  (period=1mo) (Yahoo error = "No data found, symbol may be delisted")
2026-08-10 15:14:06,075 WARNING src.options_filter: AWH: options data unavailable from all sources
2026-08-10 15:14:14,132 WARNING src.options_filter: BCG: options data unavailable from all sources
2026-08-10 15:14:18,545 WARNING src.options_filter: BEEP: options data unavailable from all sources
2026-08-10 15:14:22,955 WARNING src.options_filter: BFRG: options data unavailable from all sources
2026-08-10 15:14:27,379 WARNING src.options_filter: BGMS: options data unavailable from all sources
2026-08-10 15:14:35,006 WARNING src.options_filter: BLMH: options data unavailable from all sources
2026-08-10 15:14:39,421 WARNING src.options_filter: BMR: options data unavailable from all sources
2026-08-10 15:14:50,269 WARNING src.options_filter: BOXL: options data unavailable from all sources
2026-08-10 15:14:57,587 WARNING src.options_filter: BRN: options data unavailable from all sources
2026-08-10 15:15:02,107 WARNING src.options_filter: BSIN: options data unavailable from all sources
2026-08-10 15:15:02,942 ERROR yfinance: $BSTT: possibly delisted; no price data found  (period=1mo) (Yahoo error = "No data found, symbol may be delisted")
2026-08-10 15:15:07,239 WARNING src.options_filter: BSTT: options data unavailable from all sources
2026-08-10 15:15:18,324 WARNING src.options_filter: BYSD: options data unavailable from all sources
2026-08-10 15:15:22,820 WARNING src.options_filter: BZYR: options data unavailable from all sources
2026-08-10 15:15:33,692 WARNING src.options_filter: CARV: options data unavailable from all sources
2026-08-10 15:15:41,720 WARNING src.options_filter: CDAQF: options data unavailable from all sources
2026-08-10 15:15:50,648 ERROR yfinance: $CEP: possibly delisted; no price data found  (period=1mo) (Yahoo error = "No data found, symbol may be delisted")
2026-08-10 15:15:54,921 WARNING src.options_filter: CEP: options data unavailable from all sources
2026-08-10 15:15:59,326 WARNING src.options_filter: CHEV: options data unavailable from all sources
2026-08-10 15:16:06,346 WARNING src.options_filter: CLOQ: options data unavailable from all sources
2026-08-10 15:16:10,851 WARNING src.options_filter: CMCT: options data unavailable from all sources
2026-08-10 15:16:15,262 WARNING src.options_filter: CMPD: options data unavailable from all sources
2026-08-10 15:16:19,803 WARNING src.options_filter: CMRF: options data unavailable from all sources
2026-08-10 15:16:27,078 WARNING src.options_filter: CRT: options data unavailable from all sources
2026-08-10 15:16:31,491 WARNING src.options_filter: CRVW: options data unavailable from all sources
2026-08-10 15:16:39,679 WARNING src.options_filter: CSAI: options data unavailable from all sources
2026-08-10 15:16:46,990 WARNING src.options_filter: CVSI: options data unavailable from all sources
2026-08-10 15:16:54,191 WARNING src.options_filter: DDI: options data unavailable from all sources
2026-08-10 15:16:58,584 WARNING src.options_filter: DRIO: options data unavailable from all sources
2026-08-10 15:17:03,049 WARNING src.options_filter: DRMA: options data unavailable from all sources
2026-08-10 15:17:07,511 WARNING src.options_filter: DWTX: options data unavailable from all sources
2026-08-10 15:17:14,360 WARNING src.options_filter: EAXR: options data unavailable from all sources
2026-08-10 15:17:18,764 WARNING src.options_filter: ECX: options data unavailable from all sources
2026-08-10 15:17:23,195 WARNING src.options_filter: ELAB: options data unavailable from all sources
2026-08-10 15:17:27,716 WARNING src.options_filter: EML: options data unavailable from all sources
2026-08-10 15:17:32,208 WARNING src.options_filter: EMYB: options data unavailable from all sources
2026-08-10 15:17:36,611 WARNING src.options_filter: ENSC: options data unavailable from all sources
2026-08-10 15:17:41,012 WARNING src.options_filter: EP: options data unavailable from all sources
2026-08-10 15:17:41,434 ERROR yfinance: $EPIX: possibly delisted; no price data found  (period=1mo) (Yahoo error = "No data found, symbol may be delisted")
2026-08-10 15:17:45,910 WARNING src.options_filter: EPIX: options data unavailable from all sources
2026-08-10 15:17:56,688 WARNING src.options_filter: EUBG: options data unavailable from all sources
2026-08-10 15:18:07,060 WARNING src.options_filter: FACT: options data unavailable from all sources
2026-08-10 15:18:11,480 WARNING src.options_filter: FCHS: options data unavailable from all sources
2026-08-10 15:18:15,945 WARNING src.options_filter: FDCT: options data unavailable from all sources
2026-08-10 15:18:23,137 WARNING src.options_filter: FENG: options data unavailable from all sources
2026-08-10 15:18:27,537 WARNING src.options_filter: FIEE: options data unavailable from all sources
2026-08-10 15:18:34,675 WARNING src.options_filter: FLOC: options data unavailable from all sources
2026-08-10 15:18:38,761 ERROR yfinance: $FORA: possibly delisted; no price data found  (period=1mo) (Yahoo error = "No data found, symbol may be delisted")
2026-08-10 15:18:43,023 WARNING src.options_filter: FORA: options data unavailable from all sources
2026-08-10 15:18:47,437 WARNING src.options_filter: FOTB: options data unavailable from all sources
2026-08-10 15:18:51,837 WARNING src.options_filter: GAUZ: options data unavailable from all sources
2026-08-10 15:18:56,231 WARNING src.options_filter: GGROU: options data unavailable from all sources
2026-08-10 15:19:03,549 WARNING src.options_filter: GPAT: options data unavailable from all sources
2026-08-10 15:19:08,087 WARNING src.options_filter: GRAF: options data unavailable from all sources
2026-08-10 15:19:15,442 WARNING src.options_filter: GRTX: options data unavailable from all sources
2026-08-10 15:19:22,688 WARNING src.options_filter: GTEN: options data unavailable from all sources
2026-08-10 15:19:27,140 WARNING src.options_filter: GULTU: options data unavailable from all sources
2026-08-10 15:19:31,590 WARNING src.options_filter: GURE: options data unavailable from all sources
2026-08-10 15:19:37,767 WARNING src.options_filter: HCMC: options data unavailable from all sources
2026-08-10 15:19:42,301 WARNING src.options_filter: HGTXU: options data unavailable from all sources
2026-08-10 15:19:56,016 WARNING src.options_filter: IBAC: options data unavailable from all sources
2026-08-10 15:20:00,446 WARNING src.options_filter: IFS: options data unavailable from all sources
2026-08-10 15:20:04,867 WARNING src.options_filter: IMNN: options data unavailable from all sources
2026-08-10 15:20:18,804 WARNING src.options_filter: INDP: options data unavailable from all sources
2026-08-10 15:20:23,238 WARNING src.options_filter: INIS: options data unavailable from all sources
2026-08-10 15:20:27,646 WARNING src.options_filter: INTI: options data unavailable from all sources
2026-08-10 15:20:32,066 WARNING src.options_filter: INTZ: options data unavailable from all sources
2026-08-10 15:20:36,711 WARNING src.options_filter: INVU: options data unavailable from all sources
2026-08-10 15:20:41,148 WARNING src.options_filter: IPM: options data unavailable from all sources
2026-08-10 15:20:45,623 WARNING src.options_filter: IVFH: options data unavailable from all sources
2026-08-10 15:20:50,027 WARNING src.options_filter: IWSH: options data unavailable from all sources
2026-08-10 15:21:05,787 WARNING src.options_filter: KANP: options data unavailable from all sources
2026-08-10 15:21:10,262 WARNING src.options_filter: KLRS: options data unavailable from all sources
2026-08-10 15:21:17,133 ERROR yfinance: $KZR: possibly delisted; no price data found  (period=1mo) (Yahoo error = "No data found, symbol may be delisted")
2026-08-10 15:21:21,413 WARNING src.options_filter: KZR: options data unavailable from all sources
2026-08-10 15:21:39,147 WARNING src.options_filter: LINK: options data unavailable from all sources
2026-08-10 15:21:43,441 ERROR yfinance: $LVTX: possibly delisted; no price data found  (period=1mo) (Yahoo error = "No data found, symbol may be delisted")
2026-08-10 15:21:47,702 WARNING src.options_filter: LVTX: options data unavailable from all sources
2026-08-10 15:21:58,492 WARNING src.options_filter: MCCK: options data unavailable from all sources
2026-08-10 15:22:03,009 WARNING src.options_filter: MDAI: options data unavailable from all sources
2026-08-10 15:22:03,619 ERROR yfinance: $MGIC: possibly delisted; no price data found  (period=1mo) (Yahoo error = "No data found, symbol may be delisted")
2026-08-10 15:22:07,887 WARNING src.options_filter: MGIC: options data unavailable from all sources
2026-08-10 15:22:15,443 WARNING src.options_filter: MITI: options data unavailable from all sources
2026-08-10 15:22:19,973 WARNING src.options_filter: MLCI: options data unavailable from all sources
2026-08-10 15:22:33,547 WARNING src.options_filter: MOBI: options data unavailable from all sources
2026-08-10 15:22:37,961 WARNING src.options_filter: MOBX: options data unavailable from all sources
2026-08-10 15:22:42,462 WARNING src.options_filter: MRAI: options data unavailable from all sources
2026-08-10 15:22:42,887 ERROR yfinance: $MRSN: possibly delisted; no price data found  (period=1mo) (Yahoo error = "No data found, symbol may be delisted")
2026-08-10 15:22:47,174 WARNING src.options_filter: MRSN: options data unavailable from all sources
2026-08-10 15:22:55,384 WARNING src.options_filter: NIXX: options data unavailable from all sources
2026-08-10 15:23:03,408 WARNING src.options_filter: NRBT: options data unavailable from all sources
2026-08-10 15:23:16,038 WARNING src.options_filter: NSYS: options data unavailable from all sources
2026-08-10 15:23:20,617 WARNING src.options_filter: NTWO: options data unavailable from all sources
2026-08-10 15:23:24,187 ERROR yfinance: $NVRI WI: possibly delisted; no price data found  (period=1mo) (Yahoo error = "No data found, symbol may be delisted")
2026-08-10 15:23:28,457 WARNING src.options_filter: NVRI WI: options data unavailable from all sources
2026-08-10 15:23:28,965 ERROR yfinance: $OAK PR A: possibly delisted; no price data found  (period=1mo) (Yahoo error = "No data found, symbol may be delisted")
2026-08-10 15:23:33,218 WARNING src.options_filter: OAK PR A: options data unavailable from all sources
2026-08-10 15:23:41,717 WARNING src.options_filter: OPXS: options data unavailable from all sources
2026-08-10 15:23:46,117 WARNING src.options_filter: OTLC: options data unavailable from all sources
2026-08-10 15:23:56,903 WARNING src.options_filter: PAVM: options data unavailable from all sources
2026-08-10 15:24:00,047 ERROR yfinance: $PCOK: possibly delisted; no price data found  (period=1mo)
2026-08-10 15:24:04,376 WARNING src.options_filter: PCOK: options data unavailable from all sources
2026-08-10 15:24:11,124 WARNING src.options_filter: PGNT: options data unavailable from all sources
2026-08-10 15:24:15,589 WARNING src.options_filter: PHGE: options data unavailable from all sources
2026-08-10 15:24:20,008 WARNING src.options_filter: PIAC: options data unavailable from all sources
2026-08-10 15:24:24,491 WARNING src.options_filter: PKTX: options data unavailable from all sources
2026-08-10 15:24:28,886 WARNING src.options_filter: PMTR: options data unavailable from all sources
2026-08-10 15:24:29,314 ERROR yfinance: $PMVC: possibly delisted; no price data found  (period=1mo) (Yahoo error = "No data found, symbol may be delisted")
2026-08-10 15:24:33,706 WARNING src.options_filter: PMVC: options data unavailable from all sources
2026-08-10 15:24:38,244 WARNING src.options_filter: PRHI: options data unavailable from all sources
2026-08-10 15:24:42,727 WARNING src.options_filter: PRPH: options data unavailable from all sources
2026-08-10 15:24:47,144 WARNING src.options_filter: PRPO: options data unavailable from all sources
2026-08-10 15:24:51,700 WARNING src.options_filter: PRT: options data unavailable from all sources
2026-08-10 15:24:56,188 WARNING src.options_filter: PXLW: options data unavailable from all sources
2026-08-10 15:25:07,312 WARNING src.options_filter: RDGL: options data unavailable from all sources
2026-08-10 15:25:16,873 WARNING src.options_filter: RJET: options data unavailable from all sources
2026-08-10 15:25:21,299 WARNING src.options_filter: ROLR: options data unavailable from all sources
2026-08-10 15:25:25,787 WARNING src.options_filter: RSCF: options data unavailable from all sources
2026-08-10 15:25:30,206 WARNING src.options_filter: RTAC: options data unavailable from all sources
2026-08-10 15:25:38,147 WARNING src.options_filter: SALM: options data unavailable from all sources
2026-08-10 15:25:42,551 WARNING src.options_filter: SCLX: options data unavailable from all sources
2026-08-10 15:25:46,941 WARNING src.options_filter: SDCH: options data unavailable from all sources
2026-08-10 15:26:00,222 ERROR yfinance: $SGMO: possibly delisted; no price data found  (period=1mo)
2026-08-10 15:26:04,533 WARNING src.options_filter: SGMO: options data unavailable from all sources
2026-08-10 15:26:08,971 WARNING src.options_filter: SILO: options data unavailable from all sources
2026-08-10 15:26:13,374 WARNING src.options_filter: SINT: options data unavailable from all sources
2026-08-10 15:26:20,749 WARNING src.options_filter: SLNG: options data unavailable from all sources
2026-08-10 15:26:25,300 WARNING src.options_filter: SLSN: options data unavailable from all sources
2026-08-10 15:26:33,309 WARNING src.options_filter: SMTI: options data unavailable from all sources
2026-08-10 15:26:37,762 WARNING src.options_filter: SNAL: options data unavailable from all sources
2026-08-10 15:26:41,072 ERROR yfinance: $SONN: possibly delisted; no price data found  (period=1mo) (Yahoo error = "No data found, symbol may be delisted")
2026-08-10 15:26:45,549 WARNING src.options_filter: SONN: options data unavailable from all sources
2026-08-10 15:26:46,010 ERROR yfinance: $SPNS: possibly delisted; no price data found  (period=1mo) (Yahoo error = "No data found, symbol may be delisted")
2026-08-10 15:26:50,341 WARNING src.options_filter: SPNS: options data unavailable from all sources
2026-08-10 15:26:54,764 WARNING src.options_filter: SSKN: options data unavailable from all sources
2026-08-10 15:27:02,011 WARNING src.options_filter: STLY: options data unavailable from all sources
2026-08-10 15:27:09,199 WARNING src.options_filter: SUND: options data unavailable from all sources
2026-08-10 15:27:12,117 ERROR yfinance: $SVII: possibly delisted; no price data found  (period=1mo)
2026-08-10 15:27:16,401 WARNING src.options_filter: SVII: options data unavailable from all sources
2026-08-10 15:27:20,879 WARNING src.options_filter: SWAG: options data unavailable from all sources
2026-08-10 15:27:25,310 WARNING src.options_filter: SZZL: options data unavailable from all sources
2026-08-10 15:27:29,748 WARNING src.options_filter: TACO: options data unavailable from all sources
2026-08-10 15:27:30,245 ERROR yfinance: $TBMC: possibly delisted; no price data found  (period=1mo) (Yahoo error = "No data found, symbol may be delisted")
2026-08-10 15:27:34,667 WARNING src.options_filter: TBMC: options data unavailable from all sources
2026-08-10 15:27:39,112 WARNING src.options_filter: TBTC: options data unavailable from all sources
2026-08-10 15:27:47,234 WARNING src.options_filter: TIL: options data unavailable from all sources
2026-08-10 15:27:53,704 ERROR yfinance: $TRML: possibly delisted; no price data found  (period=1mo) (Yahoo error = "No data found, symbol may be delisted")
2026-08-10 15:27:58,010 WARNING src.options_filter: TRML: options data unavailable from all sources
2026-08-10 15:28:02,503 WARNING src.options_filter: TRSO: options data unavailable from all sources
2026-08-10 15:28:10,152 WARNING src.options_filter: TVAI: options data unavailable from all sources
2026-08-10 15:28:18,131 WARNING src.options_filter: UCL: options data unavailable from all sources
2026-08-10 15:28:31,318 WARNING src.options_filter: VIP: options data unavailable from all sources
2026-08-10 15:28:36,245 WARNING src.options_filter: VMCAF: options data unavailable from all sources
2026-08-10 15:28:40,712 WARNING src.options_filter: VRME: options data unavailable from all sources
2026-08-10 15:28:47,951 WARNING src.options_filter: VYND: options data unavailable from all sources
2026-08-10 15:28:55,208 WARNING src.options_filter: WHLM: options data unavailable from all sources
2026-08-10 15:28:59,751 WARNING src.options_filter: WKSP: options data unavailable from all sources
2026-08-10 15:29:10,538 WARNING src.options_filter: WYTC: options data unavailable from all sources
2026-08-10 15:29:17,829 WARNING src.options_filter: XITO: options data unavailable from all sources
2026-08-10 15:29:22,380 WARNING src.options_filter: XOMA: options data unavailable from all sources
2026-08-10 15:29:26,840 WARNING src.options_filter: XTNT: options data unavailable from all sources
2026-08-10 15:29:31,351 WARNING src.options_filter: YTFD: options data unavailable from all sources
2026-08-10 15:29:35,841 WARNING src.options_filter: ZEO: options data unavailable from all sources
2026-08-10 15:29:40,258 WARNING src.options_filter: ZVSA: options data unavailable from all sources
2026-08-10 15:29:44,761 WARNING src.options_filter: AAME: options data unavailable from all sources
2026-08-10 15:29:52,861 WARNING src.options_filter: ACCR: options data unavailable from all sources
2026-08-10 15:30:08,675 WARNING src.options_filter: ACUT: options data unavailable from all sources
2026-08-10 15:30:16,332 WARNING src.options_filter: ADAG: options data unavailable from all sources
2026-08-10 15:30:21,077 WARNING src.options_filter: ADNH: options data unavailable from all sources
2026-08-10 15:30:25,560 WARNING src.options_filter: AERT: options data unavailable from all sources
2026-08-10 15:30:26,078 ERROR yfinance: $AHNR: possibly delisted; no price data found  (period=1mo) (Yahoo error = "No data found, symbol may be delisted")
2026-08-10 15:30:30,396 WARNING src.options_filter: AHNR: options data unavailable from all sources
2026-08-10 15:30:47,269 WARNING src.options_filter: ALCO: options data unavailable from all sources
2026-08-10 15:30:51,665 WARNING src.options_filter: ALMR: options data unavailable from all sources
2026-08-10 15:31:17,545 WARNING src.options_filter: APRE: options data unavailable from all sources
2026-08-10 15:31:22,059 WARNING src.options_filter: APVO: options data unavailable from all sources
2026-08-10 15:31:32,182 WARNING src.options_filter: ARKR: options data unavailable from all sources
2026-08-10 15:31:37,871 ERROR yfinance: $ASRT: possibly delisted; no price data found  (period=1mo)
2026-08-10 15:31:42,158 WARNING src.options_filter: ASRT: options data unavailable from all sources
2026-08-10 15:31:53,904 WARNING src.options_filter: ATRA: options data unavailable from all sources
2026-08-10 15:31:58,376 WARNING src.options_filter: ATXG: options data unavailable from all sources
2026-08-10 15:31:58,822 ERROR yfinance: $ATXS: possibly delisted; no price data found  (period=1mo) (Yahoo error = "No data found, symbol may be delisted")
2026-08-10 15:32:03,084 WARNING src.options_filter: ATXS: options data unavailable from all sources
2026-08-10 15:32:07,486 WARNING src.options_filter: AUUD: options data unavailable from all sources
2026-08-10 15:32:21,395 WARNING src.options_filter: BALY: options data unavailable from all sources
2026-08-10 15:32:25,833 WARNING src.options_filter: BBGI: options data unavailable from all sources
2026-08-10 15:32:36,779 WARNING src.options_filter: BDL: options data unavailable from all sources
2026-08-10 15:32:41,180 WARNING src.options_filter: BFNH: options data unavailable from all sources
2026-08-10 15:32:53,518 WARNING src.options_filter: BNGO: options data unavailable from all sources
2026-08-10 15:32:57,978 WARNING src.options_filter: BODI: options data unavailable from all sources
2026-08-10 15:33:02,376 WARNING src.options_filter: BRTX: options data unavailable from all sources
2026-08-10 15:33:06,767 WARNING src.options_filter: BTAI: options data unavailable from all sources
2026-08-10 15:33:11,061 ERROR yfinance: $BTM: possibly delisted; no price data found  (period=1mo) (Yahoo error = "No data found, symbol may be delisted")
2026-08-10 15:33:15,332 WARNING src.options_filter: BTM: options data unavailable from all sources
2026-08-10 15:33:25,987 WARNING src.options_filter: BYOC: options data unavailable from all sources
2026-08-10 15:33:36,861 WARNING src.options_filter: CATV: options data unavailable from all sources
2026-08-10 15:33:41,262 WARNING src.options_filter: CBDY: options data unavailable from all sources
2026-08-10 15:33:59,630 WARNING src.options_filter: CFTN: options data unavailable from all sources
2026-08-10 15:34:06,983 WARNING src.options_filter: CLRI: options data unavailable from all sources
2026-08-10 15:34:15,323 ERROR yfinance: $CNTA: possibly delisted; no price data found  (period=1mo)
2026-08-10 15:34:19,650 WARNING src.options_filter: CNTA: options data unavailable from all sources
2026-08-10 15:34:34,506 WARNING src.options_filter: CRMT: options data unavailable from all sources
2026-08-10 15:34:39,119 WARNING src.options_filter: CRMZ: options data unavailable from all sources
2026-08-10 15:34:43,577 WARNING src.options_filter: CRTD: options data unavailable from all sources
2026-08-10 15:34:47,973 WARNING src.options_filter: CSTAF: options data unavailable from all sources
2026-08-10 15:34:52,432 WARNING src.options_filter: CTOR: options data unavailable from all sources
2026-08-10 15:35:02,148 WARNING src.options_filter: CUB: options data unavailable from all sources
2026-08-10 15:35:08,434 WARNING src.options_filter: CVKD: options data unavailable from all sources
2026-08-10 15:35:08,629 ERROR yfinance: $CWAN: possibly delisted; no price data found  (period=1mo)
2026-08-10 15:35:12,920 WARNING src.options_filter: CWAN: options data unavailable from all sources
2026-08-10 15:35:20,067 WARNING src.options_filter: CYDY: options data unavailable from all sources
2026-08-10 15:35:24,499 WARNING src.options_filter: DBIN: options data unavailable from all sources
2026-08-10 15:35:31,629 WARNING src.options_filter: DCOY: options data unavailable from all sources
2026-08-10 15:35:36,124 WARNING src.options_filter: DDS: options data unavailable from all sources
2026-08-10 15:35:40,546 WARNING src.options_filter: DFNS: options data unavailable from all sources
2026-08-10 15:35:50,993 WARNING src.options_filter: DMAA: options data unavailable from all sources
2026-08-10 15:35:59,407 ERROR yfinance: $DRRX: possibly delisted; no price data found  (period=1mo) (Yahoo error = "No data found, symbol may be delisted")
2026-08-10 15:36:03,672 WARNING src.options_filter: DRRX: options data unavailable from all sources
2026-08-10 15:36:10,945 WARNING src.options_filter: DWSN: options data unavailable from all sources
2026-08-10 15:36:15,444 WARNING src.options_filter: ECC: options data unavailable from all sources
2026-08-10 15:36:19,914 WARNING src.options_filter: ECOX: options data unavailable from all sources
2026-08-10 15:36:24,364 WARNING src.options_filter: EFOI: options data unavailable from all sources
2026-08-10 15:36:35,112 WARNING src.options_filter: EROK: options data unavailable from all sources
2026-08-10 15:36:35,114 ERROR yfinance: Failed to get ticker 'ESOA' reason: Failed to perform, curl: (16) . See https://curl.se/libcurl/c/libcurl-errors.html first for more details.
2026-08-10 15:36:39,618 WARNING src.options_filter: ESOA: options data unavailable from all sources
2026-08-10 15:36:46,803 WARNING src.options_filter: EXOD: options data unavailable from all sources
2026-08-10 15:36:51,211 WARNING src.options_filter: EXOZ: options data unavailable from all sources
2026-08-10 15:36:55,630 WARNING src.options_filter: FCUV: options data unavailable from all sources
2026-08-10 15:37:02,797 WARNING src.options_filter: FDSB: options data unavailable from all sources
2026-08-10 15:37:13,392 WARNING src.options_filter: FFBW: options data unavailable from all sources
2026-08-10 15:37:25,122 WARNING src.options_filter: GAME: options data unavailable from all sources
2026-08-10 15:37:28,275 ERROR yfinance: $GBIO: possibly delisted; no price data found  (period=1mo) (Yahoo error = "No data found, symbol may be delisted")
2026-08-10 15:37:32,536 WARNING src.options_filter: GBIO: options data unavailable from all sources
2026-08-10 15:37:36,945 WARNING src.options_filter: GBLX: options data unavailable from all sources
2026-08-10 15:37:41,645 WARNING src.options_filter: GBR: options data unavailable from all sources
2026-08-10 15:37:51,528 WARNING src.options_filter: GDC: options data unavailable from all sources
2026-08-10 15:37:55,994 WARNING src.options_filter: GDST: options data unavailable from all sources
2026-08-10 15:38:00,420 WARNING src.options_filter: GENK: options data unavailable from all sources
2026-08-10 15:38:07,649 WARNING src.options_filter: GPFT: options data unavailable from all sources
2026-08-10 15:38:15,258 WARNING src.options_filter: GSUN: options data unavailable from all sources
2026-08-10 15:38:19,683 WARNING src.options_filter: GUTS: options data unavailable from all sources
2026-08-10 15:38:24,076 WARNING src.options_filter: GWTI: options data unavailable from all sources
2026-08-10 15:38:28,478 WARNING src.options_filter: HEWA: options data unavailable from all sources
2026-08-10 15:38:35,293 WARNING src.options_filter: HGAS: options data unavailable from all sources
2026-08-10 15:38:35,752 ERROR yfinance: $HI: possibly delisted; no price data found  (period=1mo) (Yahoo error = "No data found, symbol may be delisted")
2026-08-10 15:38:40,156 WARNING src.options_filter: HI: options data unavailable from all sources
2026-08-10 15:38:48,279 WARNING src.options_filter: HKHC: options data unavailable from all sources
2026-08-10 15:38:55,578 WARNING src.options_filter: HMR: options data unavailable from all sources
2026-08-10 15:38:59,634 ERROR yfinance: $HOFV: possibly delisted; no price data found  (period=1mo) (Yahoo error = "No data found, symbol may be delisted")
2026-08-10 15:39:03,905 WARNING src.options_filter: HOFV: options data unavailable from all sources
2026-08-10 15:39:08,341 WARNING src.options_filter: HOUR: options data unavailable from all sources
2026-08-10 15:39:16,316 WARNING src.options_filter: HQI: options data unavailable from all sources
2026-08-10 15:39:20,739 WARNING src.options_filter: HRGN: options data unavailable from all sources
2026-08-10 15:39:31,695 WARNING src.options_filter: HSPOF: options data unavailable from all sources
2026-08-10 15:39:36,100 WARNING src.options_filter: HVII: options data unavailable from all sources
2026-08-10 15:39:40,572 WARNING src.options_filter: HYFM: options data unavailable from all sources
2026-08-10 15:39:47,595 WARNING src.options_filter: IEHC: options data unavailable from all sources
2026-08-10 15:40:15,991 WARNING src.options_filter: IPEX: options data unavailable from all sources
2026-08-10 15:40:16,491 ERROR yfinance: $ISPO: possibly delisted; no price data found  (period=1mo) (Yahoo error = "No data found, symbol may be delisted")
2026-08-10 15:40:20,754 WARNING src.options_filter: ISPO: options data unavailable from all sources
2026-08-10 15:40:32,038 WARNING src.options_filter: JENA: options data unavailable from all sources
2026-08-10 15:40:36,691 WARNING src.options_filter: JFBC: options data unavailable from all sources
2026-08-10 15:40:41,210 WARNING src.options_filter: JOCM: options data unavailable from all sources
2026-08-10 15:40:45,761 WARNING src.options_filter: JRSH: options data unavailable from all sources
2026-08-10 15:40:53,110 WARNING src.options_filter: JWSMF: options data unavailable from all sources
2026-08-10 15:40:57,595 WARNING src.options_filter: KBDC: options data unavailable from all sources
2026-08-10 15:41:15,362 WARNING src.options_filter: KVAC: options data unavailable from all sources
2026-08-10 15:41:23,446 WARNING src.options_filter: LCTC: options data unavailable from all sources
2026-08-10 15:41:27,932 WARNING src.options_filter: LFT: options data unavailable from all sources
2026-08-10 15:41:32,396 WARNING src.options_filter: LGMK: options data unavailable from all sources
2026-08-10 15:41:42,940 WARNING src.options_filter: LVVP: options data unavailable from all sources
2026-08-10 15:41:47,360 WARNING src.options_filter: LYRA: options data unavailable from all sources
2026-08-10 15:41:51,790 WARNING src.options_filter: MAIA: options data unavailable from all sources
2026-08-10 15:42:02,618 WARNING src.options_filter: MBRX: options data unavailable from all sources
2026-08-10 15:42:07,014 WARNING src.options_filter: MCDIF: options data unavailable from all sources
2026-08-10 15:42:11,417 WARNING src.options_filter: MDCX: options data unavailable from all sources
2026-08-10 15:42:15,898 WARNING src.options_filter: MDIA: options data unavailable from all sources
2026-08-10 15:42:20,295 WARNING src.options_filter: MEDS: options data unavailable from all sources
2026-08-10 15:42:30,502 WARNING src.options_filter: MLAB: options data unavailable from all sources
2026-08-10 15:42:34,898 WARNING src.options_filter: MLEC: options data unavailable from all sources
2026-08-10 15:42:35,401 ERROR yfinance: $MLNK: possibly delisted; no price data found  (period=1mo) (Yahoo error = "No data found, symbol may be delisted")
2026-08-10 15:42:39,822 WARNING src.options_filter: MLNK: options data unavailable from all sources
2026-08-10 15:42:44,233 WARNING src.options_filter: MLP: options data unavailable from all sources
2026-08-10 15:42:52,314 WARNING src.options_filter: MNPR: options data unavailable from all sources
2026-08-10 15:42:59,244 ERROR yfinance: $MRCC: possibly delisted; no price data found  (period=1mo) (Yahoo error = "No data found, symbol may be delisted")
2026-08-10 15:43:03,531 WARNING src.options_filter: MRCC: options data unavailable from all sources
2026-08-10 15:43:11,538 WARNING src.options_filter: MVO: options data unavailable from all sources
2026-08-10 15:43:19,538 WARNING src.options_filter: MXC: options data unavailable from all sources
2026-08-10 15:43:26,753 WARNING src.options_filter: NCPL: options data unavailable from all sources
2026-08-10 15:43:51,054 WARNING src.options_filter: NNUP: options data unavailable from all sources
2026-08-10 15:43:55,469 WARNING src.options_filter: NOEM: options data unavailable from all sources
2026-08-10 15:44:04,617 WARNING src.options_filter: NRDE: options data unavailable from all sources
2026-08-10 15:44:09,044 WARNING src.options_filter: NUMD: options data unavailable from all sources
2026-08-10 15:44:16,237 WARNING src.options_filter: NXGL: options data unavailable from all sources
2026-08-10 15:44:20,650 WARNING src.options_filter: OACC: options data unavailable from all sources
2026-08-10 15:44:31,115 WARNING src.options_filter: OLVI: options data unavailable from all sources
2026-08-10 15:44:48,388 WARNING src.options_filter: PALI: options data unavailable from all sources
2026-08-10 15:44:55,628 WARNING src.options_filter: PASG: options data unavailable from all sources
2026-08-10 15:45:05,607 WARNING src.options_filter: PGOL: options data unavailable from all sources
2026-08-10 15:45:10,541 WARNING src.options_filter: PGTK: options data unavailable from all sources
2026-08-10 15:45:14,960 WARNING src.options_filter: PHBI: options data unavailable from all sources
2026-08-10 15:45:22,974 WARNING src.options_filter: PIII: options data unavailable from all sources
2026-08-10 15:45:47,211 WARNING src.options_filter: PRSO: options data unavailable from all sources
2026-08-10 15:45:47,724 ERROR yfinance: $QLUNF: possibly delisted; no price data found  (period=1mo) (Yahoo error = "No data found, symbol may be delisted")
2026-08-10 15:45:52,006 WARNING src.options_filter: QLUNF: options data unavailable from all sources
2026-08-10 15:46:10,270 WARNING src.options_filter: RAC: options data unavailable from all sources
2026-08-10 15:46:14,673 WARNING src.options_filter: RBOT: options data unavailable from all sources
2026-08-10 15:46:21,860 WARNING src.options_filter: RDCT: options data unavailable from all sources
2026-08-10 15:46:31,881 WARNING src.options_filter: RGBP: options data unavailable from all sources
2026-08-10 15:46:42,681 WARNING src.options_filter: RKTO: options data unavailable from all sources
2026-08-10 15:46:47,197 WARNING src.options_filter: RLEA: options data unavailable from all sources
2026-08-10 15:46:58,093 WARNING src.options_filter: RSKIA: options data unavailable from all sources
2026-08-10 15:47:09,243 WARNING src.options_filter: SBFM: options data unavailable from all sources
2026-08-10 15:47:13,656 WARNING src.options_filter: SBXD: options data unavailable from all sources
2026-08-10 15:47:20,893 WARNING src.options_filter: SCNX: options data unavailable from all sources
2026-08-10 15:47:25,368 WARNING src.options_filter: SCWO: options data unavailable from all sources
2026-08-10 15:47:28,778 ERROR yfinance: $SEM: possibly delisted; no price data found  (period=1mo)
2026-08-10 15:47:33,056 WARNING src.options_filter: SEM: options data unavailable from all sources
2026-08-10 15:47:40,384 WARNING src.options_filter: SGRB: options data unavailable from all sources
2026-08-10 15:47:48,287 WARNING src.options_filter: SHIM: options data unavailable from all sources
2026-08-10 15:47:55,174 WARNING src.options_filter: SLNCF: options data unavailable from all sources
2026-08-10 15:48:02,185 ERROR yfinance: $SNCR: possibly delisted; no price data found  (period=1mo) (Yahoo error = "No data found, symbol may be delisted")
2026-08-10 15:48:06,445 WARNING src.options_filter: SNCR: options data unavailable from all sources
2026-08-10 15:48:13,578 WARNING src.options_filter: SNTI: options data unavailable from all sources
2026-08-10 15:48:21,633 WARNING src.options_filter: SOFO: options data unavailable from all sources
2026-08-10 15:48:22,202 ERROR yfinance: $SOHO: possibly delisted; no price data found  (period=1mo) (Yahoo error = "No data found, symbol may be delisted")
2026-08-10 15:48:26,465 WARNING src.options_filter: SOHO: options data unavailable from all sources
2026-08-10 15:48:29,872 ERROR yfinance: $SPCO: possibly delisted; no price data found  (period=1mo) (Yahoo error = "No data found, symbol may be delisted")
2026-08-10 15:48:34,129 WARNING src.options_filter: SPCO: options data unavailable from all sources
2026-08-10 15:48:42,243 WARNING src.options_filter: SPKL: options data unavailable from all sources
2026-08-10 15:48:46,648 WARNING src.options_filter: SRFM: options data unavailable from all sources
2026-08-10 15:48:51,072 WARNING src.options_filter: STRS: options data unavailable from all sources
2026-08-10 15:48:55,460 WARNING src.options_filter: SWRD: options data unavailable from all sources
2026-08-10 15:49:02,341 WARNING src.options_filter: SYRA: options data unavailable from all sources
2026-08-10 15:49:06,806 WARNING src.options_filter: TCCO: options data unavailable from all sources
2026-08-10 15:49:14,153 WARNING src.options_filter: TCRX: options data unavailable from all sources
2026-08-10 15:49:21,341 WARNING src.options_filter: TGLO: options data unavailable from all sources
2026-08-10 15:49:29,023 WARNING src.options_filter: THMG: options data unavailable from all sources
2026-08-10 15:49:33,511 WARNING src.options_filter: TISI: options data unavailable from all sources
2026-08-10 15:49:37,949 WARNING src.options_filter: TLF: options data unavailable from all sources
2026-08-10 15:49:45,051 WARNING src.options_filter: TMHC: options data unavailable from all sources
2026-08-10 15:49:52,256 WARNING src.options_filter: TORM: options data unavailable from all sources
2026-08-10 15:49:56,733 WARNING src.options_filter: TOVX: options data unavailable from all sources
2026-08-10 15:50:01,189 WARNING src.options_filter: TPHS: options data unavailable from all sources
2026-08-10 15:50:01,327 ERROR yfinance: $TPIC: possibly delisted; no price data found  (period=1mo)
2026-08-10 15:50:05,601 WARNING src.options_filter: TPIC: options data unavailable from all sources
2026-08-10 15:50:10,081 WARNING src.options_filter: TPST: options data unavailable from all sources
2026-08-10 15:50:17,370 WARNING src.options_filter: TTRX: options data unavailable from all sources
2026-08-10 15:50:17,894 ERROR yfinance: $TURN: possibly delisted; no price data found  (period=1mo) (Yahoo error = "No data found, symbol may be delisted")
2026-08-10 15:50:22,162 WARNING src.options_filter: TURN: options data unavailable from all sources
2026-08-10 15:50:29,422 WARNING src.options_filter: UCFI: options data unavailable from all sources
2026-08-10 15:50:29,842 ERROR yfinance: $ULY: possibly delisted; no price data found  (period=1mo) (Yahoo error = "No data found, symbol may be delisted")
2026-08-10 15:50:34,100 WARNING src.options_filter: ULY: options data unavailable from all sources
2026-08-10 15:50:45,271 WARNING src.options_filter: UTGN: options data unavailable from all sources
2026-08-10 15:50:57,128 WARNING src.options_filter: VHC: options data unavailable from all sources
2026-08-10 15:51:01,533 WARNING src.options_filter: VIVS: options data unavailable from all sources
2026-08-10 15:51:15,484 WARNING src.options_filter: VTAK: options data unavailable from all sources
2026-08-10 15:51:22,773 WARNING src.options_filter: WDLF: options data unavailable from all sources
2026-08-10 15:51:27,176 WARNING src.options_filter: WENN: options data unavailable from all sources
2026-08-10 15:51:31,602 WARNING src.options_filter: WINT: options data unavailable from all sources
2026-08-10 15:51:32,804 ERROR yfinance: $WNHK: possibly delisted; no price data found  (period=1mo) (Yahoo error = "No data found, symbol may be delisted")
2026-08-10 15:51:37,195 WARNING src.options_filter: WNHK: options data unavailable from all sources
2026-08-10 15:51:37,678 ERROR yfinance: $WOW: possibly delisted; no price data found  (period=1mo) (Yahoo error = "No data found, symbol may be delisted")
2026-08-10 15:51:41,951 WARNING src.options_filter: WOW: options data unavailable from all sources
2026-08-10 15:51:46,365 WARNING src.options_filter: XBIO: options data unavailable from all sources
2026-08-10 15:51:50,776 WARNING src.options_filter: XRPN: options data unavailable from all sources
2026-08-10 15:51:55,263 WARNING src.options_filter: YHC: options data unavailable from all sources
2026-08-10 15:52:14,418 WARNING src.options_filter: PPHC: options data unavailable from all sources
2026-08-10 15:52:34,736 WARNING src.options_filter: CHRN: options data unavailable from all sources
2026-08-10 15:52:39,145 WARNING src.options_filter: NYAX: options data unavailable from all sources
2026-08-10 15:52:53,268 WARNING src.options_filter: IAUX: options data unavailable from all sources
2026-08-10 15:53:01,013 WARNING src.options_filter: EDN: options data unavailable from all sources
2026-08-10 15:53:12,224 WARNING src.options_filter: URG: options data unavailable from all sources
2026-08-10 15:53:16,695 WARNING src.options_filter: EIKN: options data unavailable from all sources
2026-08-10 15:53:23,933 WARNING src.options_filter: CURR: options data unavailable from all sources
2026-08-10 15:53:46,921 WARNING src.options_filter: ELOX: options data unavailable from all sources
2026-08-10 15:53:54,259 WARNING src.options_filter: VHUB: options data unavailable from all sources
2026-08-10 15:53:58,726 WARNING src.options_filter: SER: options data unavailable from all sources
2026-08-10 15:54:06,499 WARNING src.options_filter: INHD: options data unavailable from all sources
2026-08-10 15:54:10,925 WARNING src.options_filter: AMOD: options data unavailable from all sources
2026-08-10 15:54:15,340 WARNING src.options_filter: CTNT: options data unavailable from all sources
2026-08-10 15:54:19,744 WARNING src.options_filter: AZTR: options data unavailable from all sources
2026-08-10 15:54:44,071 WARNING src.options_filter: AVAL: options data unavailable from all sources
2026-08-10 15:54:51,389 WARNING src.options_filter: PHI: options data unavailable from all sources
2026-08-10 15:55:05,845 WARNING src.options_filter: DMRA: options data unavailable from all sources
2026-08-10 15:55:25,034 WARNING src.options_filter: HSLV: options data unavailable from all sources
2026-08-10 15:55:36,441 WARNING src.options_filter: BBOT: options data unavailable from all sources
2026-08-10 15:55:49,740 WARNING src.options_filter: EPRX: options data unavailable from all sources
2026-08-10 15:55:57,100 WARNING src.options_filter: TMCR: options data unavailable from all sources
2026-08-10 15:56:04,400 WARNING src.options_filter: SKYX: options data unavailable from all sources
2026-08-10 15:56:14,103 WARNING src.options_filter: HYNE: options data unavailable from all sources
2026-08-10 15:56:24,983 WARNING src.options_filter: CPBI: options data unavailable from all sources
2026-08-10 15:56:43,845 WARNING src.options_filter: AIB: options data unavailable from all sources
2026-08-10 15:56:51,862 WARNING src.options_filter: BHST: options data unavailable from all sources
2026-08-10 15:56:56,290 WARNING src.options_filter: MGX: options data unavailable from all sources
2026-08-10 15:57:06,195 WARNING src.options_filter: EHLD: options data unavailable from all sources
2026-08-10 15:57:10,673 WARNING src.options_filter: FMST: options data unavailable from all sources
2026-08-10 15:57:15,087 WARNING src.options_filter: CALC: options data unavailable from all sources
2026-08-10 15:57:19,502 WARNING src.options_filter: INUV: options data unavailable from all sources
2026-08-10 15:57:25,693 WARNING src.options_filter: AEON: options data unavailable from all sources
2026-08-10 15:57:30,096 WARNING src.options_filter: LHAI: options data unavailable from all sources
2026-08-10 15:57:34,500 WARNING src.options_filter: CABR: options data unavailable from all sources
2026-08-10 15:57:38,914 WARNING src.options_filter: WVVI: options data unavailable from all sources
2026-08-10 15:57:43,399 WARNING src.options_filter: INTS: options data unavailable from all sources
2026-08-10 15:57:47,857 WARNING src.options_filter: MTEX: options data unavailable from all sources
2026-08-10 15:57:52,276 WARNING src.options_filter: KAPA: options data unavailable from all sources
2026-08-10 15:57:56,768 WARNING src.options_filter: CRIS: options data unavailable from all sources
2026-08-10 15:58:01,184 WARNING src.options_filter: AMBO: options data unavailable from all sources
2026-08-10 15:58:05,660 WARNING src.options_filter: SMTK: options data unavailable from all sources
2026-08-10 15:58:10,188 WARNING src.options_filter: DFSC: options data unavailable from all sources
2026-08-10 15:58:14,686 WARNING src.options_filter: PW: options data unavailable from all sources
2026-08-10 15:58:19,093 WARNING src.options_filter: SHPH: options data unavailable from all sources
2026-08-10 15:58:23,520 WARNING src.options_filter: SLXN: options data unavailable from all sources
2026-08-10 15:58:27,940 WARNING src.options_filter: IMCC: options data unavailable from all sources
2026-08-10 15:58:32,467 WARNING src.options_filter: BDCI: options data unavailable from all sources
2026-08-10 15:58:36,889 WARNING src.options_filter: SBXE: options data unavailable from all sources
2026-08-10 15:59:07,560 WARNING src.options_filter: BGSI: options data unavailable from all sources
2026-08-10 15:59:28,334 WARNING src.options_filter: CNL: options data unavailable from all sources
2026-08-10 15:59:35,991 WARNING src.options_filter: ALVO: options data unavailable from all sources
2026-08-10 16:00:09,732 WARNING src.options_filter: ITRG: options data unavailable from all sources
2026-08-10 16:00:30,796 WARNING src.options_filter: OFLX: options data unavailable from all sources
2026-08-10 16:00:35,268 WARNING src.options_filter: CEPL: options data unavailable from all sources
2026-08-10 16:00:43,025 WARNING src.options_filter: MSLE: options data unavailable from all sources
2026-08-10 16:00:47,496 WARNING src.options_filter: RCMT: options data unavailable from all sources
2026-08-10 16:00:51,927 WARNING src.options_filter: TONT: options data unavailable from all sources
2026-08-10 16:00:56,484 WARNING src.options_filter: MINE: options data unavailable from all sources
2026-08-10 16:01:07,047 WARNING src.options_filter: RYDE: options data unavailable from all sources
2026-08-10 16:01:11,472 WARNING src.options_filter: BEBE: options data unavailable from all sources
2026-08-10 16:01:18,759 WARNING src.options_filter: BHM: options data unavailable from all sources
2026-08-10 16:01:23,245 WARNING src.options_filter: FURY: options data unavailable from all sources
2026-08-10 16:01:27,646 WARNING src.options_filter: RDZN: options data unavailable from all sources
2026-08-10 16:01:34,936 WARNING src.options_filter: AIRT: options data unavailable from all sources
2026-08-10 16:01:39,355 WARNING src.options_filter: NEXM: options data unavailable from all sources
2026-08-10 16:01:46,883 WARNING src.options_filter: ODYS: options data unavailable from all sources
2026-08-10 16:01:51,356 WARNING src.options_filter: CIRC: options data unavailable from all sources
2026-08-10 16:01:55,814 WARNING src.options_filter: AACG: options data unavailable from all sources
2026-08-10 16:02:00,280 WARNING src.options_filter: VGAS: options data unavailable from all sources
2026-08-10 16:02:04,697 WARNING src.options_filter: ONMD: options data unavailable from all sources
2026-08-10 16:02:12,037 WARNING src.options_filter: ATCH: options data unavailable from all sources
2026-08-10 16:02:16,509 WARNING src.options_filter: AHT: options data unavailable from all sources
2026-08-10 16:02:20,923 WARNING src.options_filter: QNTM: options data unavailable from all sources
2026-08-10 16:02:25,331 WARNING src.options_filter: DUKR: options data unavailable from all sources
2026-08-10 16:02:29,744 WARNING src.options_filter: AIFF: options data unavailable from all sources
2026-08-10 16:02:34,231 WARNING src.options_filter: PTN: options data unavailable from all sources
2026-08-10 16:02:38,734 WARNING src.options_filter: RAIN: options data unavailable from all sources
2026-08-10 16:02:43,219 WARNING src.options_filter: AMIX: options data unavailable from all sources
2026-08-10 16:02:47,623 WARNING src.options_filter: ASBP: options data unavailable from all sources
2026-08-10 16:02:52,030 WARNING src.options_filter: GXAI: options data unavailable from all sources
2026-08-10 16:02:56,518 WARNING src.options_filter: DBGI: options data unavailable from all sources
2026-08-10 16:03:00,951 WARNING src.options_filter: NXL: options data unavailable from all sources
2026-08-10 16:03:05,372 WARNING src.options_filter: CAPS: options data unavailable from all sources
2026-08-10 16:03:09,883 WARNING src.options_filter: SXTP: options data unavailable from all sources
2026-08-10 16:03:17,168 WARNING src.options_filter: LKSP: options data unavailable from all sources
2026-08-10 16:03:21,580 WARNING src.options_filter: SVCC: options data unavailable from all sources
2026-08-10 16:04:02,165 WARNING src.options_filter: CSAN: options data unavailable from all sources
2026-08-10 16:04:12,686 WARNING src.options_filter: ENHA: options data unavailable from all sources
2026-08-10 16:04:33,154 WARNING src.options_filter: VALN: options data unavailable from all sources
2026-08-10 16:04:40,413 WARNING src.options_filter: MSC: options data unavailable from all sources
2026-08-10 16:04:53,840 WARNING src.options_filter: SBMT: options data unavailable from all sources
2026-08-10 16:05:01,978 WARNING src.options_filter: KGEI: options data unavailable from all sources
2026-08-10 16:05:15,863 WARNING src.options_filter: CNTN: options data unavailable from all sources
2026-08-10 16:05:20,275 WARNING src.options_filter: CITR: options data unavailable from all sources
2026-08-10 16:05:24,703 WARNING src.options_filter: YARW: options data unavailable from all sources
2026-08-10 16:05:29,143 WARNING src.options_filter: PLYX: options data unavailable from all sources
2026-08-10 16:05:36,363 WARNING src.options_filter: ZTEK: options data unavailable from all sources
2026-08-10 16:05:40,808 WARNING src.options_filter: CSPI: options data unavailable from all sources
2026-08-10 16:05:50,376 WARNING src.options_filter: JFB: options data unavailable from all sources
2026-08-10 16:05:54,777 WARNING src.options_filter: ELBM: options data unavailable from all sources
2026-08-10 16:05:59,232 WARNING src.options_filter: APWC: options data unavailable from all sources
2026-08-10 16:06:03,702 WARNING src.options_filter: XLO: options data unavailable from all sources
2026-08-10 16:06:08,208 WARNING src.options_filter: ELTK: options data unavailable from all sources
2026-08-10 16:06:13,663 WARNING src.options_filter: CAST: options data unavailable from all sources
2026-08-10 16:06:18,199 WARNING src.options_filter: NXB: options data unavailable from all sources
2026-08-10 16:06:22,642 WARNING src.options_filter: COCH: options data unavailable from all sources
2026-08-10 16:06:29,468 WARNING src.options_filter: CPHI: options data unavailable from all sources
2026-08-10 16:06:33,967 WARNING src.options_filter: AEI: options data unavailable from all sources
2026-08-10 16:06:38,390 WARNING src.options_filter: STG: options data unavailable from all sources
2026-08-10 16:06:42,929 WARNING src.options_filter: SKYQ: options data unavailable from all sources
2026-08-10 16:06:47,484 WARNING src.options_filter: JAGU: options data unavailable from all sources
2026-08-10 16:06:51,890 WARNING src.options_filter: EONR: options data unavailable from all sources
2026-08-10 16:06:56,364 WARNING src.options_filter: XHLD: options data unavailable from all sources
2026-08-10 16:07:00,811 WARNING src.options_filter: HCTI: options data unavailable from all sources
2026-08-10 16:07:09,272 WARNING src.options_filter: MYSE: options data unavailable from all sources
2026-08-10 16:07:13,678 WARNING src.options_filter: REBN: options data unavailable from all sources
2026-08-10 16:07:20,907 WARNING src.options_filter: TOPP: options data unavailable from all sources
2026-08-10 16:07:27,793 WARNING src.options_filter: CJMB: options data unavailable from all sources
2026-08-10 16:07:32,272 WARNING src.options_filter: LUCY: options data unavailable from all sources
2026-08-10 16:07:36,744 WARNING src.options_filter: CNET: options data unavailable from all sources
2026-08-10 16:07:41,221 WARNING src.options_filter: RENX: options data unavailable from all sources
2026-08-10 16:07:47,278 WARNING src.options_filter: RNAZ: options data unavailable from all sources
2026-08-10 16:07:51,680 WARNING src.options_filter: GCTK: options data unavailable from all sources
2026-08-10 16:07:56,151 WARNING src.options_filter: XRTX: options data unavailable from all sources
2026-08-10 16:08:00,790 WARNING src.options_filter: ISPC: options data unavailable from all sources
2026-08-10 16:08:05,205 WARNING src.options_filter: NXTS: options data unavailable from all sources
2026-08-10 16:08:09,607 WARNING src.options_filter: MYSZ: options data unavailable from all sources
2026-08-10 16:08:14,022 WARNING src.options_filter: IPST: options data unavailable from all sources
2026-08-10 16:08:18,430 WARNING src.options_filter: VBIO: options data unavailable from all sources
2026-08-10 16:08:22,846 WARNING src.options_filter: BTTC: options data unavailable from all sources
2026-08-10 16:08:28,072 WARNING src.options_filter: BCSS: options data unavailable from all sources
2026-08-10 16:08:34,103 WARNING src.options_filter: CEPF: options data unavailable from all sources
2026-08-10 16:08:38,528 WARNING src.options_filter: CEPV: options data unavailable from all sources
2026-08-10 16:08:43,230 WARNING src.options_filter: NHIC: options data unavailable from all sources
2026-08-10 16:08:47,640 WARNING src.options_filter: TLNC: options data unavailable from all sources
2026-08-10 16:08:58,397 WARNING src.options_filter: BXBL: options data unavailable from all sources
2026-08-10 16:09:02,907 WARNING src.options_filter: NPK: options data unavailable from all sources
2026-08-10 16:09:11,025 WARNING src.options_filter: HSHP: options data unavailable from all sources
2026-08-10 16:09:21,543 WARNING src.options_filter: THM: options data unavailable from all sources
2026-08-10 16:09:25,959 WARNING src.options_filter: PBFS: options data unavailable from all sources
2026-08-10 16:09:36,925 WARNING src.options_filter: NEN: options data unavailable from all sources
2026-08-10 16:09:41,685 WARNING src.options_filter: HDRN: options data unavailable from all sources
2026-08-10 16:09:46,175 WARNING src.options_filter: ONCY: options data unavailable from all sources
2026-08-10 16:09:50,590 WARNING src.options_filter: YTRA: options data unavailable from all sources
2026-08-10 16:09:55,073 WARNING src.options_filter: PXS: options data unavailable from all sources
2026-08-10 16:09:59,473 WARNING src.options_filter: EDSA: options data unavailable from all sources
2026-08-10 16:10:03,887 WARNING src.options_filter: RMCO: options data unavailable from all sources
2026-08-10 16:10:08,373 WARNING src.options_filter: STRR: options data unavailable from all sources
2026-08-10 16:10:12,855 WARNING src.options_filter: KALA: options data unavailable from all sources
2026-08-10 16:10:17,380 WARNING src.options_filter: OBAI: options data unavailable from all sources
2026-08-10 16:10:21,802 WARNING src.options_filter: XCUR: options data unavailable from all sources
2026-08-10 16:10:26,215 WARNING src.options_filter: FEMY: options data unavailable from all sources
2026-08-10 16:10:30,629 WARNING src.options_filter: SONM: options data unavailable from all sources
2026-08-10 16:10:35,110 WARNING src.options_filter: CLDI: options data unavailable from all sources
2026-08-10 16:10:39,603 WARNING src.options_filter: OGEN: options data unavailable from all sources
2026-08-10 16:10:44,049 WARNING src.options_filter: TRNR: options data unavailable from all sources
2026-08-10 16:10:44,520 ERROR yfinance: $UNKNOWN: possibly delisted; no price data found  (period=1mo) (Yahoo error = "No data found, symbol may be delisted")
2026-08-10 16:10:48,821 WARNING src.options_filter: UNKNOWN: options data unavailable from all sources
2026-08-10 16:10:53,253 WARNING src.options_filter: SI: options data unavailable from all sources
2026-08-10 16:10:53,546 ERROR yfinance: $UNKNOWN: possibly delisted; no price data found  (period=1mo) (Yahoo error = "No data found, symbol may be delisted")
2026-08-10 16:10:57,964 WARNING src.options_filter: UNKNOWN: options data unavailable from all sources
2026-08-10 16:10:58,318 ERROR yfinance: $UNKNOWN: possibly delisted; no price data found  (period=1mo) (Yahoo error = "No data found, symbol may be delisted")
2026-08-10 16:11:02,570 WARNING src.options_filter: UNKNOWN: options data unavailable from all sources
2026-08-10 16:11:02,850 ERROR yfinance: $UNKNOWN: possibly delisted; no price data found  (period=1mo) (Yahoo error = "No data found, symbol may be delisted")
2026-08-10 16:11:07,115 WARNING src.options_filter: UNKNOWN: options data unavailable from all sources
2026-08-10 16:11:07,416 ERROR yfinance: $UNKNOWN: possibly delisted; no price data found  (period=1mo) (Yahoo error = "No data found, symbol may be delisted")
2026-08-10 16:11:11,662 WARNING src.options_filter: UNKNOWN: options data unavailable from all sources
2026-08-10 16:11:14,741 ERROR yfinance: $UNKNOWN: possibly delisted; no price data found  (period=1mo) (Yahoo error = "No data found, symbol may be delisted")
2026-08-10 16:11:18,995 WARNING src.options_filter: UNKNOWN: options data unavailable from all sources
2026-08-10 16:11:19,291 ERROR yfinance: $UNKNOWN: possibly delisted; no price data found  (period=1mo) (Yahoo error = "No data found, symbol may be delisted")
2026-08-10 16:11:23,553 WARNING src.options_filter: UNKNOWN: options data unavailable from all sources
2026-08-10 16:11:23,866 ERROR yfinance: $UNKNOWN: possibly delisted; no price data found  (period=1mo) (Yahoo error = "No data found, symbol may be delisted")
2026-08-10 16:11:28,112 WARNING src.options_filter: UNKNOWN: options data unavailable from all sources
2026-08-10 16:11:28,396 ERROR yfinance: $UNKNOWN: possibly delisted; no price data found  (period=1mo) (Yahoo error = "No data found, symbol may be delisted")
2026-08-10 16:11:32,675 WARNING src.options_filter: UNKNOWN: options data unavailable from all sources
2026-08-10 16:11:32,884 ERROR yfinance: $UNKNOWN: possibly delisted; no price data found  (period=1mo) (Yahoo error = "No data found, symbol may be delisted")
2026-08-10 16:11:37,134 WARNING src.options_filter: UNKNOWN: options data unavailable from all sources
2026-08-10 16:11:40,254 ERROR yfinance: $UNKNOWN: possibly delisted; no price data found  (period=1mo) (Yahoo error = "No data found, symbol may be delisted")
2026-08-10 16:11:44,881 WARNING src.options_filter: UNKNOWN: options data unavailable from all sources
2026-08-10 16:11:45,089 ERROR yfinance: $UNKNOWN: possibly delisted; no price data found  (period=1mo) (Yahoo error = "No data found, symbol may be delisted")
2026-08-10 16:11:49,358 WARNING src.options_filter: UNKNOWN: options data unavailable from all sources
2026-08-10 16:11:49,657 ERROR yfinance: $UNKNOWN: possibly delisted; no price data found  (period=1mo) (Yahoo error = "No data found, symbol may be delisted")
2026-08-10 16:11:53,915 WARNING src.options_filter: UNKNOWN: options data unavailable from all sources
2026-08-10 16:11:54,183 ERROR yfinance: $UNKNOWN: possibly delisted; no price data found  (period=1mo) (Yahoo error = "No data found, symbol may be delisted")
2026-08-10 16:11:58,435 WARNING src.options_filter: UNKNOWN: options data unavailable from all sources
2026-08-10 16:11:58,666 ERROR yfinance: $UNKNOWN: possibly delisted; no price data found  (period=1mo) (Yahoo error = "No data found, symbol may be delisted")
2026-08-10 16:12:02,916 WARNING src.options_filter: UNKNOWN: options data unavailable from all sources
2026-08-10 16:12:03,137 ERROR yfinance: $UNKNOWN: possibly delisted; no price data found  (period=1mo) (Yahoo error = "No data found, symbol may be delisted")
2026-08-10 16:12:07,445 WARNING src.options_filter: UNKNOWN: options data unavailable from all sources
2026-08-10 16:12:07,651 ERROR yfinance: $UNKNOWN: possibly delisted; no price data found  (period=1mo) (Yahoo error = "No data found, symbol may be delisted")
2026-08-10 16:12:11,966 WARNING src.options_filter: UNKNOWN: options data unavailable from all sources
2026-08-10 16:12:12,173 ERROR yfinance: $UNKNOWN: possibly delisted; no price data found  (period=1mo) (Yahoo error = "No data found, symbol may be delisted")
2026-08-10 16:12:16,421 WARNING src.options_filter: UNKNOWN: options data unavailable from all sources
2026-08-10 16:12:16,630 ERROR yfinance: $UNKNOWN: possibly delisted; no price data found  (period=1mo) (Yahoo error = "No data found, symbol may be delisted")
2026-08-10 16:12:20,879 WARNING src.options_filter: UNKNOWN: options data unavailable from all sources
2026-08-10 16:12:21,203 ERROR yfinance: $UNKNOWN: possibly delisted; no price data found  (period=1mo) (Yahoo error = "No data found, symbol may be delisted")
2026-08-10 16:12:25,469 WARNING src.options_filter: UNKNOWN: options data unavailable from all sources
2026-08-10 16:12:25,675 ERROR yfinance: $UNKNOWN: possibly delisted; no price data found  (period=1mo) (Yahoo error = "No data found, symbol may be delisted")
2026-08-10 16:12:29,926 WARNING src.options_filter: UNKNOWN: options data unavailable from all sources
2026-08-10 16:12:34,367 WARNING src.options_filter: EP-PC: options data unavailable from all sources
2026-08-10 16:12:34,697 ERROR yfinance: $UNKNOWN: possibly delisted; no price data found  (period=1mo) (Yahoo error = "No data found, symbol may be delisted")
2026-08-10 16:12:39,009 WARNING src.options_filter: UNKNOWN: options data unavailable from all sources
2026-08-10 16:12:39,279 ERROR yfinance: $UNKNOWN: possibly delisted; no price data found  (period=1mo) (Yahoo error = "No data found, symbol may be delisted")
2026-08-10 16:12:43,554 WARNING src.options_filter: UNKNOWN: options data unavailable from all sources
2026-08-10 16:12:43,797 ERROR yfinance: $UNKNOWN: possibly delisted; no price data found  (period=1mo) (Yahoo error = "No data found, symbol may be delisted")
2026-08-10 16:12:48,050 WARNING src.options_filter: UNKNOWN: options data unavailable from all sources
2026-08-10 16:12:48,265 ERROR yfinance: $UNKNOWN: possibly delisted; no price data found  (period=1mo) (Yahoo error = "No data found, symbol may be delisted")
2026-08-10 16:12:52,521 WARNING src.options_filter: UNKNOWN: options data unavailable from all sources
2026-08-10 16:12:52,860 ERROR yfinance: $UNKNOWN: possibly delisted; no price data found  (period=1mo) (Yahoo error = "No data found, symbol may be delisted")
2026-08-10 16:12:57,190 WARNING src.options_filter: UNKNOWN: options data unavailable from all sources
2026-08-10 16:12:57,471 ERROR yfinance: $UNKNOWN: possibly delisted; no price data found  (period=1mo) (Yahoo error = "No data found, symbol may be delisted")
2026-08-10 16:13:01,726 WARNING src.options_filter: UNKNOWN: options data unavailable from all sources
2026-08-10 16:13:01,937 ERROR yfinance: $UNKNOWN: possibly delisted; no price data found  (period=1mo) (Yahoo error = "No data found, symbol may be delisted")
2026-08-10 16:13:06,199 WARNING src.options_filter: UNKNOWN: options data unavailable from all sources
2026-08-10 16:13:06,484 ERROR yfinance: $UNKNOWN: possibly delisted; no price data found  (period=1mo) (Yahoo error = "No data found, symbol may be delisted")
2026-08-10 16:13:10,731 WARNING src.options_filter: UNKNOWN: options data unavailable from all sources
2026-08-10 16:13:10,958 ERROR yfinance: $UNKNOWN: possibly delisted; no price data found  (period=1mo) (Yahoo error = "No data found, symbol may be delisted")
2026-08-10 16:13:15,206 WARNING src.options_filter: UNKNOWN: options data unavailable from all sources
2026-08-10 16:13:15,423 ERROR yfinance: $UNKNOWN: possibly delisted; no price data found  (period=1mo) (Yahoo error = "No data found, symbol may be delisted")
2026-08-10 16:13:19,692 WARNING src.options_filter: UNKNOWN: options data unavailable from all sources
2026-08-10 16:13:20,021 ERROR yfinance: $UNKNOWN: possibly delisted; no price data found  (period=1mo) (Yahoo error = "No data found, symbol may be delisted")
2026-08-10 16:13:24,302 WARNING src.options_filter: UNKNOWN: options data unavailable from all sources
2026-08-10 16:13:24,516 ERROR yfinance: $UNKNOWN: possibly delisted; no price data found  (period=1mo) (Yahoo error = "No data found, symbol may be delisted")
2026-08-10 16:13:28,760 WARNING src.options_filter: UNKNOWN: options data unavailable from all sources
2026-08-10 16:13:29,108 ERROR yfinance: $UNKNOWN: possibly delisted; no price data found  (period=1mo) (Yahoo error = "No data found, symbol may be delisted")
2026-08-10 16:13:33,532 WARNING src.options_filter: UNKNOWN: options data unavailable from all sources
2026-08-10 16:13:33,735 ERROR yfinance: $UNKNOWN: possibly delisted; no price data found  (period=1mo) (Yahoo error = "No data found, symbol may be delisted")
2026-08-10 16:13:38,056 WARNING src.options_filter: UNKNOWN: options data unavailable from all sources
2026-08-10 16:13:38,264 ERROR yfinance: $UNKNOWN: possibly delisted; no price data found  (period=1mo) (Yahoo error = "No data found, symbol may be delisted")
2026-08-10 16:13:42,540 WARNING src.options_filter: UNKNOWN: options data unavailable from all sources
2026-08-10 16:13:43,067 ERROR yfinance: $UNKNOWN: possibly delisted; no price data found  (period=1mo) (Yahoo error = "No data found, symbol may be delisted")
2026-08-10 16:13:47,399 WARNING src.options_filter: UNKNOWN: options data unavailable from all sources
2026-08-10 16:13:47,894 ERROR yfinance: $NWSLL: possibly delisted; no price data found  (period=1mo) (Yahoo error = "No data found, symbol may be delisted")
2026-08-10 16:13:52,159 WARNING src.options_filter: NWSLL: options data unavailable from all sources
2026-08-10 16:13:52,368 ERROR yfinance: $UNKNOWN: possibly delisted; no price data found  (period=1mo) (Yahoo error = "No data found, symbol may be delisted")
2026-08-10 16:13:56,630 WARNING src.options_filter: UNKNOWN: options data unavailable from all sources
2026-08-10 16:13:56,839 ERROR yfinance: $UNKNOWN: possibly delisted; no price data found  (period=1mo) (Yahoo error = "No data found, symbol may be delisted")
2026-08-10 16:14:01,112 WARNING src.options_filter: UNKNOWN: options data unavailable from all sources
2026-08-10 16:14:01,324 ERROR yfinance: $UNKNOWN: possibly delisted; no price data found  (period=1mo) (Yahoo error = "No data found, symbol may be delisted")
2026-08-10 16:14:05,602 WARNING src.options_filter: UNKNOWN: options data unavailable from all sources
2026-08-10 16:14:05,814 ERROR yfinance: $UNKNOWN: possibly delisted; no price data found  (period=1mo) (Yahoo error = "No data found, symbol may be delisted")
2026-08-10 16:14:10,111 WARNING src.options_filter: UNKNOWN: options data unavailable from all sources
2026-08-10 16:14:10,428 ERROR yfinance: $UNKNOWN: possibly delisted; no price data found  (period=1mo) (Yahoo error = "No data found, symbol may be delisted")
2026-08-10 16:14:14,690 WARNING src.options_filter: UNKNOWN: options data unavailable from all sources
2026-08-10 16:14:14,896 ERROR yfinance: $UNKNOWN: possibly delisted; no price data found  (period=1mo) (Yahoo error = "No data found, symbol may be delisted")
2026-08-10 16:14:19,161 WARNING src.options_filter: UNKNOWN: options data unavailable from all sources
2026-08-10 16:14:23,592 WARNING src.options_filter: ATH-PE: options data unavailable from all sources
2026-08-10 16:14:23,848 ERROR yfinance: $UNKNOWN: possibly delisted; no price data found  (period=1mo) (Yahoo error = "No data found, symbol may be delisted")
2026-08-10 16:14:28,129 WARNING src.options_filter: UNKNOWN: options data unavailable from all sources
2026-08-10 16:14:28,362 ERROR yfinance: $UNKNOWN: possibly delisted; no price data found  (period=1mo) (Yahoo error = "No data found, symbol may be delisted")
2026-08-10 16:14:32,701 WARNING src.options_filter: UNKNOWN: options data unavailable from all sources
2026-08-10 16:14:32,911 ERROR yfinance: $UNKNOWN: possibly delisted; no price data found  (period=1mo) (Yahoo error = "No data found, symbol may be delisted")
2026-08-10 16:14:37,185 WARNING src.options_filter: UNKNOWN: options data unavailable from all sources
2026-08-10 16:14:37,455 ERROR yfinance: $UNKNOWN: possibly delisted; no price data found  (period=1mo) (Yahoo error = "No data found, symbol may be delisted")
2026-08-10 16:14:41,730 WARNING src.options_filter: UNKNOWN: options data unavailable from all sources
2026-08-10 16:14:41,934 ERROR yfinance: $UNKNOWN: possibly delisted; no price data found  (period=1mo) (Yahoo error = "No data found, symbol may be delisted")
2026-08-10 16:14:46,223 WARNING src.options_filter: UNKNOWN: options data unavailable from all sources
2026-08-10 16:14:46,433 ERROR yfinance: $UNKNOWN: possibly delisted; no price data found  (period=1mo) (Yahoo error = "No data found, symbol may be delisted")
2026-08-10 16:14:50,703 WARNING src.options_filter: UNKNOWN: options data unavailable from all sources
2026-08-10 16:14:50,913 ERROR yfinance: $UNKNOWN: possibly delisted; no price data found  (period=1mo) (Yahoo error = "No data found, symbol may be delisted")
2026-08-10 16:14:55,188 WARNING src.options_filter: UNKNOWN: options data unavailable from all sources
2026-08-10 16:14:55,390 ERROR yfinance: $NWSLL: possibly delisted; no price data found  (period=1mo) (Yahoo error = "No data found, symbol may be delisted")
2026-08-10 16:14:59,663 WARNING src.options_filter: NWSLL: options data unavailable from all sources
2026-08-10 16:14:59,875 ERROR yfinance: $UNKNOWN: possibly delisted; no price data found  (period=1mo) (Yahoo error = "No data found, symbol may be delisted")
2026-08-10 16:15:04,158 WARNING src.options_filter: UNKNOWN: options data unavailable from all sources
2026-08-10 16:15:08,729 WARNING src.options_filter: VATE: options data unavailable from all sources
2026-08-10 16:15:08,946 ERROR yfinance: $UNKNOWN: possibly delisted; no price data found  (period=1mo) (Yahoo error = "No data found, symbol may be delisted")
2026-08-10 16:15:13,232 WARNING src.options_filter: UNKNOWN: options data unavailable from all sources
2026-08-10 16:15:13,585 ERROR yfinance: $UNKNOWN: possibly delisted; no price data found  (period=1mo) (Yahoo error = "No data found, symbol may be delisted")
2026-08-10 16:15:17,856 WARNING src.options_filter: UNKNOWN: options data unavailable from all sources
2026-08-10 16:15:18,061 ERROR yfinance: $UNKNOWN: possibly delisted; no price data found  (period=1mo) (Yahoo error = "No data found, symbol may be delisted")
2026-08-10 16:15:22,350 WARNING src.options_filter: UNKNOWN: options data unavailable from all sources
2026-08-10 16:15:22,555 ERROR yfinance: $UNKNOWN: possibly delisted; no price data found  (period=1mo) (Yahoo error = "No data found, symbol may be delisted")
2026-08-10 16:15:26,826 WARNING src.options_filter: UNKNOWN: options data unavailable from all sources
2026-08-10 16:15:27,388 ERROR yfinance: $UNKNOWN: possibly delisted; no price data found  (period=1mo) (Yahoo error = "No data found, symbol may be delisted")
2026-08-10 16:15:31,655 WARNING src.options_filter: UNKNOWN: options data unavailable from all sources
2026-08-10 16:15:31,863 ERROR yfinance: $UNKNOWN: possibly delisted; no price data found  (period=1mo) (Yahoo error = "No data found, symbol may be delisted")
2026-08-10 16:15:36,127 WARNING src.options_filter: UNKNOWN: options data unavailable from all sources
2026-08-10 16:15:36,366 ERROR yfinance: $UNKNOWN: possibly delisted; no price data found  (period=1mo) (Yahoo error = "No data found, symbol may be delisted")
2026-08-10 16:15:41,650 WARNING src.options_filter: UNKNOWN: options data unavailable from all sources
2026-08-10 16:15:41,851 ERROR yfinance: $UNKNOWN: possibly delisted; no price data found  (period=1mo) (Yahoo error = "No data found, symbol may be delisted")
2026-08-10 16:15:46,128 WARNING src.options_filter: UNKNOWN: options data unavailable from all sources
2026-08-10 16:15:46,334 ERROR yfinance: $UNKNOWN: possibly delisted; no price data found  (period=1mo) (Yahoo error = "No data found, symbol may be delisted")
2026-08-10 16:15:50,605 WARNING src.options_filter: UNKNOWN: options data unavailable from all sources
2026-08-10 16:15:50,943 ERROR yfinance: $UNKNOWN: possibly delisted; no price data found  (period=1mo) (Yahoo error = "No data found, symbol may be delisted")
2026-08-10 16:15:55,229 WARNING src.options_filter: UNKNOWN: options data unavailable from all sources
2026-08-10 16:15:55,431 ERROR yfinance: $UNKNOWN: possibly delisted; no price data found  (period=1mo) (Yahoo error = "No data found, symbol may be delisted")
2026-08-10 16:15:59,710 WARNING src.options_filter: UNKNOWN: options data unavailable from all sources
2026-08-10 16:15:59,913 ERROR yfinance: $UNKNOWN: possibly delisted; no price data found  (period=1mo) (Yahoo error = "No data found, symbol may be delisted")
2026-08-10 16:16:04,508 WARNING src.options_filter: UNKNOWN: options data unavailable from all sources
2026-08-10 16:16:04,898 ERROR yfinance: $UNKNOWN: possibly delisted; no price data found  (period=1mo) (Yahoo error = "No data found, symbol may be delisted")
2026-08-10 16:16:09,244 WARNING src.options_filter: UNKNOWN: options data unavailable from all sources
2026-08-10 16:16:09,452 ERROR yfinance: $UNKNOWN: possibly delisted; no price data found  (period=1mo) (Yahoo error = "No data found, symbol may be delisted")
2026-08-10 16:16:13,721 WARNING src.options_filter: UNKNOWN: options data unavailable from all sources
2026-08-10 16:16:13,980 ERROR yfinance: $UNKNOWN: possibly delisted; no price data found  (period=1mo) (Yahoo error = "No data found, symbol may be delisted")
2026-08-10 16:16:18,252 WARNING src.options_filter: UNKNOWN: options data unavailable from all sources
2026-08-10 16:16:21,378 ERROR yfinance: $UNKNOWN: possibly delisted; no price data found  (period=1mo) (Yahoo error = "No data found, symbol may be delisted")
2026-08-10 16:16:25,642 WARNING src.options_filter: UNKNOWN: options data unavailable from all sources
2026-08-10 16:16:26,051 ERROR yfinance: $UNKNOWN: possibly delisted; no price data found  (period=1mo) (Yahoo error = "No data found, symbol may be delisted")
2026-08-10 16:16:30,306 WARNING src.options_filter: UNKNOWN: options data unavailable from all sources
2026-08-10 16:16:30,514 ERROR yfinance: $UNKNOWN: possibly delisted; no price data found  (period=1mo) (Yahoo error = "No data found, symbol may be delisted")
2026-08-10 16:16:34,765 WARNING src.options_filter: UNKNOWN: options data unavailable from all sources
2026-08-10 16:16:35,067 ERROR yfinance: $UNKNOWN: possibly delisted; no price data found  (period=1mo) (Yahoo error = "No data found, symbol may be delisted")
2026-08-10 16:16:39,339 WARNING src.options_filter: UNKNOWN: options data unavailable from all sources
2026-08-10 16:16:39,767 ERROR yfinance: $UNKNOWN: possibly delisted; no price data found  (period=1mo) (Yahoo error = "No data found, symbol may be delisted")
2026-08-10 16:16:44,023 WARNING src.options_filter: UNKNOWN: options data unavailable from all sources
2026-08-10 16:16:44,228 ERROR yfinance: $UNKNOWN: possibly delisted; no price data found  (period=1mo) (Yahoo error = "No data found, symbol may be delisted")
2026-08-10 16:16:48,505 WARNING src.options_filter: UNKNOWN: options data unavailable from all sources
2026-08-10 16:16:48,774 ERROR yfinance: $UNKNOWN: possibly delisted; no price data found  (period=1mo) (Yahoo error = "No data found, symbol may be delisted")
2026-08-10 16:16:53,027 WARNING src.options_filter: UNKNOWN: options data unavailable from all sources
2026-08-10 16:16:53,283 ERROR yfinance: $UNKNOWN: possibly delisted; no price data found  (period=1mo) (Yahoo error = "No data found, symbol may be delisted")
2026-08-10 16:16:57,551 WARNING src.options_filter: UNKNOWN: options data unavailable from all sources
2026-08-10 16:17:01,199 INFO run_daily: Passed options gate: 310 events
2026-08-10 16:17:01,199 INFO run_daily: Step 7: enriching 310 events
2026-08-10 16:17:41,440 INFO run_daily: Step 8: dedup
2026-08-10 16:17:41,442 INFO run_daily: Step 9: ranking
2026-08-10 16:17:41,443 INFO run_daily: Step 10: writing digest
2026-08-10 16:17:41,517 INFO src.digest_writer: digest written: output/market_radar_2026-08-10.html
2026-08-10 16:17:41,518 INFO run_daily: === Done: output/market_radar_2026-08-10.html ===
